小区名,行政区,街道,最近地铁站,线路,边界到最近出入口(m),中心到站中心(m),占地(㎡),纬度,经度
龙光玖龙台,光明区,光明街道,凤凰城,13/6,0.0,284.9,154762,22.74809,113.929095
电建洺悦鹏著,光明区,光明街道,虹桥公园,6B,0.0,184.0,19658,22.754807,113.944877
深铁瑞城,光明区,凤凰街道,长圳,6,0.0,305.1,199939,22.731055,113.92376
新地中央花园,光明区,光明街道,光明大街,6,1.3,200.5,37930,22.763248,113.938193
福庄花园,光明区,马田街道,薯田埔,6,4.6,98.0,18919,22.783645,113.863901
凤凰英荟城,光明区,凤凰街道,长圳,6,5.1,275.0,204830,22.730844,113.928171
宏发·美域,光明区,公明街道,红花山,6,6.0,257.5,42223,22.77921,113.903587
宏发雍景城,光明区,公明街道,红花山,6,8.3,167.7,85353,22.782363,113.901435
益田假日府邸,光明区,马田街道,新庄,13,8.5,123.4,10927,22.769835,113.898808
薯田埔花园,光明区,马田街道,薯田埔,6,12.3,165.2,53284,22.785118,113.861932
特区建发乐府广场,光明区,光明街道,凤凰城,13/6,13.5,180.1,46646,22.751626,113.926807
伟城贤德瑞府,光明区,公明街道,李松蓢,13,33.1,104.2,9378,22.806867,113.888648
富豪花园,光明区,公明街道,公明广场,13/6,33.5,319.5,39486,22.780548,113.890187
安居萃云阁,光明区,光明街道,德雅路,13,42.6,226.5,10101,22.74314,113.940808
深圳地铁长圳车辆段上盖物业,光明区,凤凰街道,长圳,6,45.2,362.4,149193,22.731441,113.923382
长春花园,光明区,公明街道,上村,13,47.4,220.4,64463,22.785913,113.89041
秋园雅苑,光明区,马田街道,将围,13,56.9,368.6,11634,22.763091,113.901333
瑞璟公馆,光明区,马田街道,薯田埔,6,84.4,195.0,9023,22.785789,113.863347
安居·鸣鹿苑北区,光明区,玉塘街道,长圳,6,86.4,309.8,41786,22.726874,113.924606
金地明峰府,光明区,马田街道,薯田埔,6,103.1,423.7,30177,22.783214,113.859034
金融街华发·融御华府,光明区,凤凰街道,凤凰城,13/6,105.5,290.8,23364,22.748852,113.925792
中海时光境,光明区,凤凰街道,光明城,13/6B,109.3,378.4,27985,22.738905,113.947317
玺云著花园,光明区,新湖街道,科学公园,6,118.7,229.8,21233,22.782458,113.929966
天汇时代花园·二期,光明区,马田街道,公明广场,13/6,122.2,420.7,33775,22.776628,113.888672
华侨城·九樾广场,光明区,新湖街道,科学公园,6,124.2,196.4,6866,22.782128,113.928501
润宏城·润雅园,光明区,凤凰街道,月亮路,13,126.7,243.6,19280,22.751533,113.906955
安居澜庭,光明区,新湖街道,中大,6B,142.5,351.9,69306,22.796373,113.949724
光明大第,光明区,光明街道,德雅路,13,143.4,439.0,66805,22.744257,113.939103
华润润晖府,光明区,凤凰街道,德雅路,13,145.6,416.1,17406,22.738583,113.944642
富安花园,光明区,光明街道,虹桥公园,6B,150.4,327.1,42862,22.755415,113.943175
绿地新都会,光明区,光明街道,光明大街,6,154.1,288.0,21089,22.766374,113.935536
明景园,光明区,公明街道,红花山,6,157.9,399.9,5820,22.779695,113.905541
端慧苑,光明区,马田街道,将围,13,162.0,529.3,8517,22.764475,113.900169
佳兆业云峰汇,光明区,光明街道,光明大街,6,176.9,412.5,33139,22.768522,113.936529
特发学府朗园,光明区,公明街道,李松蓢,13,194.1,382.6,30078,22.804229,113.888194
星河天地四期·SPARK星寓,光明区,光明街道,光明大街,6,195.0,430.6,30269,22.763131,113.934294
名居·绿海湾,南山区,蛇口街道,湾厦,2/8,0.0,180.4,20168,22.495192,113.934662
恒裕滨城二期,南山区,蛇口街道,湾厦,2/8,0.0,163.0,36998,22.497814,113.934502
阳光带海滨城彩虹之岸,南山区,粤海街道,科苑,13/2/8,0.0,193.5,46835,22.528666,113.942063
前海湾花园二期,南山区,南山街道,妈湾,5,0.0,87.8,13445,22.511731,113.881608
太子湾·湾玺,南山区,招商街道,太子湾,12,0.0,280.6,24550,22.473815,113.905763
保利城花园,南山区,粤海街道,南山书城,9,0.0,293.0,16292,22.518839,113.923482
金晖大厦,南山区,南山街道,南油,12/9,0.0,201.5,6614,22.512179,113.919949
臻林·悦湾汇,南山区,南头街道,中山公园,12,0.0,170.3,13440,22.551079,113.917853
万科云城五期,南山区,西丽街道,石鼓,13,0.0,179.1,13136,22.576227,113.938542
雅仕荔景苑,南山区,粤海街道,南油,12/9,0.4,77.0,9756,22.513885,113.921887
松坪山科苑新区,南山区,西丽街道,高新北,13,1.2,159.5,34457,22.558593,113.941485
桃花园,南山区,南头街道,桃园,1/12,1.3,129.3,16269,22.536367,113.919189
水湾B区,南山区,招商街道,水湾,2/8,2.3,100.5,17646,22.492293,113.915215
海境界家园,南山区,蛇口街道,湾厦,2/8,3.5,203.6,30499,22.495483,113.932083
西丽蓝天,南山区,西丽街道,留仙洞,13/5,3.6,103.0,8550,22.584799,113.938325
中山苑,南山区,南头街道,中山公园,12,4.1,149.0,13039,22.548559,113.919306
燕晗花园,南山区,沙河街道,侨城北,2/8,4.1,167.0,10550,22.545659,113.984398
中海深圳湾畔花园,南山区,沙河街道,白石洲,1,4.3,105.6,20975,22.543434,113.96207
永标大厦,南山区,西丽街道,茶光,7,5.2,144.2,1904,22.578305,113.948912
锦绣花园,南山区,沙河街道,侨城东,1,5.4,284.4,114598,22.53779,113.99041
百旺研发大厦,南山区,西丽街道,百旺,13,5.5,115.6,10334,22.626049,113.934868
现代城华庭,南山区,南山街道,南光,12,6.0,92.1,14922,22.520307,113.919607
蔚蓝海岸二期,南山区,粤海街道,登良,2/8,6.3,207.1,97469,22.511381,113.93085
港湾丽都,南山区,南头街道,大新,1,6.6,148.6,20740,22.534093,113.909618
现代城梦想家园,南山区,粤海街道,南油,12/9,6.7,194.9,7923,22.515068,113.922194
花园城三期,南山区,招商街道,四海,12,6.8,202.4,50938,22.501609,113.917766
怡海广场,南山区,南山街道,南光,12,6.8,102.0,4417,22.519412,113.920637
晗山悦海,南山区,招商街道,四海,12,7.0,174.5,26330,22.504461,113.915887
荔园大厦,南山区,南山街道,南山,11/12,7.2,140.1,4560,22.527327,113.920052
中信·海阔天空雅居,南山区,粤海街道,科苑,13/2/8,7.3,165.0,22135,22.529045,113.939951
安居高新花园,南山区,粤海街道,高新南,9,8.0,135.5,30436,22.536968,113.946381
豪方悠然居,南山区,招商街道,四海,12,8.4,100.5,8972,22.50312,113.916081
建安大院,南山区,南头街道,中山公园,12,9.0,120.0,15981,22.549917,113.919593
光彩新世纪,南山区,南山街道,南山,11/12,11.0,115.7,5766,22.526317,113.919374
花园城一期,南山区,招商街道,四海,12,11.2,334.2,22600,22.506278,113.917565
前海花园,南山区,南头街道,大新,1,12.3,322.8,138317,22.536815,113.90771
桃源村二期,南山区,桃源街道,桃源村,7,12.3,117.5,92478,22.56194,113.976381
深南花园,南山区,粤海街道,深大,1/13,12.8,346.5,14392,22.543935,113.93974
城市山林,南山区,南山街道,荔林,9,13.1,223.9,78595,22.513319,113.909928
天悦湾花园,南山区,西丽街道,留仙洞,13/5,13.4,154.8,26793,22.584444,113.940541
俊峰丽舍,南山区,桃源街道,桃源村,7,13.7,172.2,48045,22.564079,113.977987
龙辉花园,南山区,桃源街道,珠光,7,15.1,168.6,92486,22.569917,113.9551
海典居,南山区,南山街道,南山书城,9,15.2,115.2,5506,22.520934,113.922621
招商海月花园二期,南山区,招商街道,海月,2/8,15.6,279.0,85598,22.505189,113.93137
鸿荣源·尚璟公馆,南山区,南头街道,同乐南,12,16.1,63.6,7240,22.559785,113.914346
郁金香家园,南山区,桃源街道,桃源村,7,18.1,186.2,14648,22.564509,113.976654
青春家园,南山区,粤海街道,南山书城,9,18.3,145.2,8648,22.520203,113.923888
丽雅苑,南山区,西丽街道,留仙洞,13/5,19.5,204.3,19526,22.585598,113.940322
前海宸湾,南山区,招商街道,赤湾,2/5/8,19.7,119.7,10533,22.482389,113.893657
金钟大厦,南山区,粤海街道,南山书城,9,20.4,83.3,4866,22.520939,113.924137
西丽华昌大厦,南山区,西丽街道,茶光,7,21.0,127.7,1354,22.578038,113.94872
龙都花园,南山区,桃源街道,珠光,7,21.6,159.2,19610,22.572378,113.954752
汇景豪苑,南山区,粤海街道,深大,1/13,23.0,375.4,18350,22.543923,113.938349
天骄华庭,南山区,招商街道,海月,2/8,23.8,190.6,24398,22.502365,113.931264
丽苑阁,南山区,西丽街道,西丽,5/7,24.6,112.8,1672,22.582887,113.950075
荔园,南山区,招商街道,水湾,2/8,26.6,190.7,23436,22.491858,113.913012
龙联花园,南山区,桃源街道,珠光,7,31.8,219.9,45709,22.572176,113.957695
天鹅湖花园三期,南山区,沙河街道,侨城北,2/8,32.0,136.8,38423,22.546663,113.982736
观峰阁,南山区,南山街道,荔湾,5,32.2,170.8,5608,22.499831,113.889117
海晖大厦,南山区,粤海街道,南油,12/9,32.8,303.2,9120,22.510858,113.920756
荷园4,南山区,桃源街道,西丽湖,7,33.3,160.7,496,22.596228,113.962075
深铁·熙府,南山区,招商街道,左炮台东,12,33.4,411.8,37213,22.47345,113.892256
南山花园,南山区,南山街道,荔湾,5,33.8,269.5,53800,22.50103,113.890909
南侨花园,南山区,南头街道,桃园,1/12,34.4,247.9,4237,22.533172,113.920346
西湖林语,南山区,桃源街道,西丽湖,7,34.8,76.9,23495,22.595818,113.960681
众冠时代广场,南山区,桃源街道,大学城,5,35.3,141.0,1077,22.586007,113.959353
深港产学研基地,南山区,粤海街道,粤海门,13/9,35.7,164.2,1676,22.536313,113.93951
太子湾·瑞玺,南山区,招商街道,太子湾,12,35.8,202.9,15502,22.477762,113.907755
泛海·拉菲花园二期,南山区,南山街道,荔湾,5,38.5,263.9,23874,22.498797,113.888508
顾家青年公寓,南山区,招商街道,花果山,12,38.5,96.3,1160,22.496815,113.913314
蔚蓝海岸三期,南山区,粤海街道,登良,2/8,39.4,329.7,67466,22.514726,113.931775
泛海·拉菲花园,南山区,南山街道,荔湾,5,39.5,180.6,28947,22.502426,113.88941
田厦·翡翠明珠花园,南山区,南头街道,桃园,1/12,39.7,201.6,19534,22.536642,113.918425
华府假日大厦,南山区,招商街道,水湾,2/8,41.6,89.7,2069,22.49103,113.914082
龙电花园B区,南山区,招商街道,四海,12,44.4,237.7,6269,22.505441,113.916846
宝能太古城,南山区,蛇口街道,海月,2/8,45.7,162.1,45986,22.503903,113.934262
前海湾花园一期,南山区,南山街道,妈湾,5,46.1,169.8,16192,22.512733,113.880907
前海天境,南山区,南山街道,前湾公园,5,46.1,313.1,27022,22.517236,113.884116
龙城花园,南山区,粤海街道,南油,12/9,46.6,207.8,31377,22.514425,113.923017
丽新花园,南山区,西丽街道,西丽,5/7,46.9,244.0,17330,22.585798,113.948708
荷园5,南山区,桃源街道,西丽湖,7,47.4,214.3,496,22.596518,113.962624
汉园茗院A区,南山区,桃源街道,长岭陂,5,47.7,253.8,21189,22.599926,114.005358
百富大厦,南山区,南山街道,南油,12/9,49.1,76.9,4790,22.513484,113.920483
雅丽阁,南山区,西丽街道,茶光,7,49.4,118.0,2634,22.577744,113.948529
山东大厦,南山区,南山街道,南山书城,9,49.4,332.6,6159,22.524477,113.923679
南海城中心,南山区,南山街道,南光,12,49.7,270.4,14982,22.521498,113.918176
荔庭园,南山区,南山街道,荔林,9,50.2,178.2,18299,22.513246,113.908135
泰格公寓,南山区,招商街道,海上世界,12/2/8,51.1,239.0,11839,22.48687,113.907569
丽新小区,南山区,西丽街道,西丽,5/7,52.1,236.6,10137,22.585532,113.950584
南油生活区,南山区,粤海街道,南油,12/9,52.4,305.5,152973,22.511937,113.923629
荔林春晓,南山区,南头街道,南头古城,12,53.6,115.8,17793,22.540948,113.920355
招商前海·领尚公馆,南山区,南山街道,铁路公园,5,56.5,262.5,8667,22.506819,113.883392
海滨花园,南山区,招商街道,海上世界,12/2/8,58.5,340.5,35646,22.48824,113.912804
东方海雅居,南山区,南山街道,南光,12,59.6,57.3,4832,22.519162,113.919206
康乐园,南山区,南山街道,南山书城,9,60.5,274.3,18145,22.520062,113.921389
四达大厦,南山区,南山街道,南油,12/9,61.7,115.7,3198,22.512879,113.920371
众冠西郡园,南山区,西丽街道,西丽,5/7,61.8,156.4,4227,22.5827,113.950488
2A,南山区,粤海街道,深大南,9,61.9,189.1,2295,22.527588,113.931967
华晖云门,南山区,桃源街道,塘朗,5,62.3,272.2,23796,22.595087,113.995856
缤纷假日豪园,南山区,南山街道,南山书城,9,63.3,244.2,12066,22.523559,113.922795
怡苑阁,南山区,南山街道,南山,11/12,63.9,237.3,5348,22.528537,113.916941
32栋,南山区,招商街道,海月,2/8,68.5,95.0,732,22.503389,113.932045
御海新苑,南山区,南头街道,大新,1,68.7,218.3,12052,22.533675,113.909076
前海华庭,南山区,南头街道,南头古城,12,69.2,153.1,5645,22.539216,113.920274
阳光荔景,南山区,南头街道,南头古城,12,69.2,144.6,15321,22.539838,113.920723
壹间水湾北区,南山区,招商街道,水湾,2/8,69.3,88.2,8597,22.490725,113.91513
怡然天地居,南山区,桃源街道,龙井,7,71.2,149.1,15148,22.566336,113.968642
中信红树湾,南山区,沙河街道,红树湾,2/8,72.6,433.9,159710,22.531032,113.960681
恒立听海,南山区,粤海街道,科苑,13/2/8,72.9,405.0,21414,22.526597,113.942023
中山颐景花园二期,南山区,南头街道,中山公园,12,73.1,219.8,5818,22.551507,113.919211
招商海月花园五期,南山区,招商街道,海月,2/8,73.6,264.8,28756,22.50136,113.931194
百旺研发公寓,南山区,西丽街道,百旺,13,73.7,189.2,4252,22.626862,113.934721
珠光商住楼,南山区,桃源街道,茶光,7,77.3,218.6,1558,22.578736,113.950633
祥祺花园,南山区,沙河街道,白石洲,1,77.4,223.3,28118,22.544489,113.961942
弘基朗寓,南山区,桃源街道,塘朗,5,78.4,195.7,2798,22.593975,113.996213
佳兆业·香瑞园,南山区,桃源街道,深云,7,80.3,383.6,64813,22.56219,113.986645
南光城市花园,南山区,南山街道,南光,12,83.6,298.1,13625,22.522138,113.919243
留仙苑,南山区,西丽街道,西丽,5/7,83.7,289.6,16087,22.582736,113.946792
万科蛇口公馆,南山区,蛇口街道,东角头,2/8,83.7,174.5,18320,22.490364,113.927503
南荔苑,南山区,南山街道,荔林,9,84.0,253.7,7964,22.516016,113.910578
馨荔苑,南山区,南头街道,南头古城,12,84.1,233.3,3027,22.53838,113.920219
深业鹤塘岭花园,南山区,沙河街道,世界之窗,1/2/8,84.5,286.3,14362,22.542211,113.96817
世界花园雅兰居,南山区,沙河街道,世界之窗,1/2/8,85.2,204.3,12437,22.541696,113.969276
前海润峯府,南山区,南山街道,前湾公园,5,88.7,330.7,30365,22.518527,113.882487
京基·御景峯一期,南山区,桃源街道,长岭陂,5,92.1,317.6,35478,22.600797,114.008038
后海公馆,南山区,蛇口街道,湾厦,2/8,92.5,261.3,23089,22.494422,113.932602
前海港湾花园,南山区,南山街道,荔湾,5,92.6,196.9,19216,22.500295,113.886625
大冲新城花园,南山区,粤海街道,高新园,1,93.9,363.3,40984,22.545125,113.946245
世界花园樱花居,南山区,沙河街道,世界之窗,1/2/8,94.0,211.8,14475,22.541486,113.970378
中熙·君南山,南山区,南山街道,南油西,9,94.3,174.6,12052,22.511576,113.912017
顺天大厦,南山区,南山街道,南山,11/12,95.1,304.5,7118,22.527998,113.915884
滨福庭园,南山区,粤海街道,科苑,13/2/8,95.8,284.5,14180,22.529242,113.943639
朗麓家园,南山区,桃源街道,塘朗,5,95.8,417.5,153141,22.589853,113.992296
曦湾天馥,南山区,蛇口街道,海月,2/8,95.9,207.3,11625,22.501493,113.933904
科苑花园48区,南山区,粤海街道,高新中,13,96.1,287.7,11177,22.552118,113.941995
远洋天著,南山区,桃源街道,大学城,5,96.4,303.5,36614,22.587123,113.958331
京基·御领公馆,南山区,桃源街道,长岭陂,5,97.3,305.6,14460,22.599638,114.006409
南水小区,南山区,蛇口街道,水湾,2/8,98.6,335.0,40495,22.490803,113.917995
珠光苑,南山区,西丽街道,茶光,7,98.8,249.2,17093,22.575301,113.947994
中爱花园,南山区,桃源街道,桃源村,7,101.7,289.6,21576,22.563752,113.979602
恒裕滨城一期,南山区,蛇口街道,湾厦,2/8,103.1,236.3,11305,22.495279,113.93554
31栋,南山区,招商街道,海月,2/8,103.4,142.6,732,22.50336,113.931561
春天广场,南山区,蛇口街道,水湾,2/8,104.4,166.4,2685,22.490606,113.916143
招商四海臻邸,南山区,招商街道,四海,12,106.3,168.1,3600,22.503503,113.918659
鼎胜山邻,南山区,桃源街道,龙井,7,106.7,219.8,3095,22.568598,113.968289
润城花园,南山区,桃源街道,珠光,7,107.8,309.1,29479,22.572525,113.953074
华彩天成,南山区,粤海街道,南山书城,9,108.1,161.1,5661,22.521312,113.925131
桃李花园,南山区,南头街道,大新,1,108.4,285.2,14153,22.534255,113.907795
常丰花园,南山区,南头街道,桃园,1/12,108.7,266.4,8149,22.534981,113.917246
天源大厦,南山区,南山街道,南山,11/12,109.6,270.0,3683,22.524998,113.917482
2B,南山区,粤海街道,深大南,9,109.7,245.9,1442,22.527617,113.932848
义学街,南山区,南头街道,中山公园,12,110.0,320.7,39273,22.547013,113.919739
金桃园大厦,南山区,南头街道,大新,1,110.3,253.8,10092,22.534953,113.912803
四海小区,南山区,招商街道,四海,12,115.5,338.4,74010,22.503768,113.920291
翠竹园,南山区,招商街道,四海,12,115.8,289.1,35388,22.501077,113.918498
花园城五期,南山区,招商街道,四海,12,117.1,223.9,7469,22.502605,113.914996
公园道大厦,南山区,南山街道,南油,12/9,119.1,273.1,9304,22.515353,113.91941
前海颐湾府,南山区,南山街道,铁路公园,5,120.0,218.1,12410,22.506735,113.886892
招商四海臻邸二期,南山区,招商街道,四海,12,120.3,304.9,10289,22.504423,113.919748
天悦园,南山区,粤海街道,南山书城,9,121.1,194.3,8172,22.520199,113.924864
水木丹华,南山区,桃源街道,深大丽湖,7,121.8,189.9,18267,22.594482,113.984542
学城绿园,南山区,桃源街道,西丽湖,7,123.0,158.5,7293,22.595078,113.960698
燕晗山居,南山区,沙河街道,侨城北,2/8,123.4,294.0,12320,22.544466,113.984143
华山村住宅区,南山区,沙河街道,侨城北,2/8,123.4,261.0,23291,22.545096,113.982665
海滨小区,南山区,粤海街道,深大南,9,124.4,285.1,19481,22.531565,113.931611
如意家园,南山区,南头街道,桃园,1/12,125.4,262.7,5810,22.534613,113.917379
汇城茗院,南山区,桃源街道,西丽湖,7,125.5,270.7,32106,22.5951,113.958383
龙海家园,南山区,南山街道,鲤鱼门,1,126.1,456.6,131597,22.538569,113.900834
春树里,南山区,蛇口街道,东角头,2/8,128.5,263.7,14038,22.48982,113.928875
科苑西住宅小区,南山区,粤海街道,深大,1/13,128.6,501.2,28367,22.545253,113.938889
广博星海华庭,南山区,蛇口街道,湾厦,2/8,128.9,296.0,19205,22.497584,113.931042
南山意境,南山区,南头街道,同乐南,12,129.1,492.6,29677,22.558197,113.909334
跃华园,南山区,南山街道,南山,11/12,129.2,220.1,3174,22.528981,113.91954
南国丽城,南山区,西丽街道,西丽,5/7,129.5,329.8,46165,22.58495,113.952319
南头古城,南山区,南头街道,中山公园,12,130.7,459.3,141695,22.546196,113.915998
深圳湾花园,南山区,沙河街道,白石洲,1,131.2,376.2,19044,22.545505,113.960563
漾日湾畔,南山区,粤海街道,后海,11/13/2/8,133.4,394.9,21826,22.522737,113.933795
万象新园,南山区,南山街道,南山,11/12,134.7,356.7,17832,22.527024,113.922168
秀林新居,南山区,南头街道,南头古城,12,135.4,244.8,1964,22.538487,113.920703
光大邨,南山区,南山街道,南山,11/12,135.6,239.8,7151,22.529252,113.918138
荔苑小区,南山区,南山街道,南山,11/12,135.8,462.7,50357,22.530958,113.916855
世界花园聚龙居,南山区,沙河街道,世界之窗,1/2/8,136.1,312.0,7290,22.541223,113.971958
信和自由广场,南山区,粤海街道,南油,12/9,136.9,455.6,22928,22.509546,113.920266
龙城新苑,南山区,南山街道,南山书城,9,138.1,213.2,8238,22.522179,113.921644
荷园2,南山区,桃源街道,西丽湖,7,138.1,219.4,582,22.595284,113.962223
光侨小区,南山区,沙河街道,华侨城,1,138.5,270.7,28706,22.538712,113.981468
侨城豪苑一期,南山区,沙河街道,白石洲,1,139.5,247.9,10103,22.544443,113.96344
30栋,南山区,招商街道,海月,2/8,141.7,189.7,733,22.503335,113.931093
白石洲,南山区,沙河街道,白石洲,1,142.4,488.6,245570,22.54457,113.966447
豪方天际花园,南山区,南头街道,同乐南,12,145.2,266.9,35104,22.557281,113.915324
朗景园,南山区,粤海街道,高新园,1,145.5,361.6,11346,22.544015,113.945714
中旅广场,南山区,沙河街道,华侨城,1,147.7,436.5,52607,22.539427,113.977716
新华大厦,南山区,西丽街道,西丽,5/7,151.8,382.1,9671,22.585654,113.946352
美伦公寓,南山区,招商街道,海上世界,12/2/8,152.1,293.3,14177,22.490103,113.907668
太子湾·豫玺,南山区,招商街道,太子湾,12,152.1,276.6,7571,22.477116,113.90439
招商望海玥家园,南山区,蛇口街道,东角头,2/8,153.1,270.8,10528,22.487509,113.92447
桑达苑,南山区,粤海街道,高新中,13,154.9,407.2,8808,22.553335,113.942005
莲城花园,南山区,南头街道,中山公园,12,155.3,368.1,31645,22.548457,113.921802
鸿瑞花园,南山区,南山街道,南山书城,9,156.4,383.1,43909,22.52447,113.921709
中山颐景花园一期,南山区,南头街道,中山公园,12,157.9,302.4,9030,22.552069,113.919821
水木华庭小区,南山区,桃源街道,桃源村,7,158.0,338.9,23278,22.565477,113.975267
信鹏大楼,南山区,沙河街道,白石洲,1,158.0,277.8,2562,22.541177,113.959958
绿海名都,南山区,南头街道,大新,1,158.3,356.4,31256,22.532826,113.908075
崇文花园,南山区,桃源街道,深大丽湖,7,158.6,435.4,103323,22.593073,113.98642
宝珠花园,南山区,桃源街道,珠光,7,159.3,422.7,42896,22.574042,113.952918
丽苑二村南区,南山区,西丽街道,茶光,7,160.2,274.8,5183,22.578244,113.947072
龟山花园,南山区,招商街道,海上世界,12/2/8,161.8,453.3,34643,22.488546,113.905118
围仔东,南山区,蛇口街道,东角头,2/8,162.6,290.7,6679,22.491643,113.925511
锦隆花园,南山区,粤海街道,深大南,9,165.5,293.6,29031,22.527587,113.928647
海昌阁,南山区,南山街道,南山书城,9,165.6,254.1,2031,22.521312,113.92111
招商玺家园,南山区,招商街道,蛇口港,12/2/8,166.0,277.8,42910,22.478368,113.909667
众德汇爱心家园,南山区,招商街道,花果山,12,166.3,220.5,1245,22.496938,113.911991
荔香源,南山区,南头街道,南头古城,12,166.9,222.6,5679,22.53925,113.921239
悠然天地,南山区,南头街道,南头古城,12,169.6,256.2,27313,22.541454,113.921621
民政公寓,南山区,南头街道,桃园,1/12,171.3,365.6,4801,22.532337,113.921247
荷园1,南山区,桃源街道,西丽湖,7,171.4,272.3,582,22.595087,113.962706
2栋2单元,南山区,粤海街道,人才公园,13,171.4,302.9,1204,22.516485,113.93592
英达钰龙园,南山区,南头街道,南头古城,12,172.5,413.5,10294,22.542232,113.915957
科苑花园34区,南山区,粤海街道,高新中,13,173.1,245.5,12580,22.550646,113.942708
龙泰轩,南山区,南山街道,南山书城,9,173.3,250.8,3753,22.522051,113.921214
南园枫叶公寓,南山区,南山街道,南光,12,173.4,332.3,19866,22.519282,113.916422
学府花园,南山区,南山街道,南山,11/12,173.5,344.5,17683,22.528985,113.921409
南油馨寓,南山区,粤海街道,南油,12/9,173.9,289.1,4461,22.514101,113.923976
蓝漪花园,南山区,蛇口街道,东角头,2/8,174.3,365.6,19880,22.488039,113.923068
前海湾花园四期,南山区,南山街道,妈湾,5,174.4,236.3,8364,22.51254,113.88276
君汇新天,南山区,蛇口街道,海月,2/8,174.5,376.4,37830,22.506237,113.934395
林涧美院,南山区,桃源街道,茶光,7,176.1,323.4,4155,22.579203,113.951625
塘朗大厦,南山区,桃源街道,深大丽湖,7,177.9,259.1,985,22.593543,113.982972
半山海景·兰溪谷 3期,南山区,招商街道,海上世界,12/2/8,178.3,356.4,6385,22.491281,113.90973
弘都世纪公寓,南山区,蛇口街道,湾厦,2/8,178.7,297.0,3180,22.498186,113.931408
珠光花半里,南山区,桃源街道,珠光,7,179.3,239.8,13354,22.573291,113.956691
前海湾花园三期,南山区,南山街道,妈湾,5,181.4,264.7,8119,22.51342,113.881925
华润深圳湾·悦府2期,南山区,粤海街道,后海,11/13/2/8,182.7,441.8,8611,22.519544,113.94109
众冠花园,南山区,西丽街道,西丽,5/7,183.3,319.3,18462,22.582827,113.952371
华府国际,南山区,南头街道,同乐南,12,183.8,393.0,20607,22.557203,113.910911
众望楼,南山区,西丽街道,西丽,5/7,184.6,283.5,4155,22.581233,113.948675
招商领玺家园,南山区,南山街道,铁路公园,5,184.7,384.3,13627,22.508794,113.885018
卓越浅水湾,南山区,粤海街道,科苑,13/2/8,185.9,518.7,20769,22.525613,113.942336
金海岸大厦,南山区,粤海街道,南山书城,9,186.3,457.5,7181,22.517355,113.923648
珑御府,南山区,粤海街道,科苑,13/2/8,186.5,374.7,13270,22.529248,113.944561
熙湾,南山区,粤海街道,科苑,13/2/8,186.6,357.3,9833,22.527993,113.943641
莺新花园,南山区,西丽街道,西丽,5/7,186.8,329.1,8790,22.586578,113.948645
兴园居,南山区,西丽街道,西丽湖,7,187.2,307.7,17126,22.597503,113.95775
29栋,南山区,招商街道,海月,2/8,187.4,239.2,732,22.503309,113.930607
中兴之家,南山区,南山街道,南山,11/12,189.4,297.4,10166,22.529801,113.918242
康乐大厦,南山区,南山街道,南山,11/12,190.1,328.8,10539,22.529867,113.919993
观海台,南山区,粤海街道,后海,11/13/2/8,190.4,554.4,40082,22.517687,113.932778
水湾小区,南山区,招商街道,花果山,12,190.5,313.1,8448,22.494465,113.91424
深铁·熙府,南山区,招商街道,左炮台东,12,191.6,30.8,39769,22.473184,113.896437
红树西岸,南山区,沙河街道,红树湾,2/8,191.7,396.0,77794,22.525234,113.960896
前海金岸,南山区,南头街道,大新,1,192.5,307.5,8349,22.535996,113.913234
时代骄子,南山区,南头街道,桃园,1/12,192.6,414.6,7353,22.53164,113.9203
光华街社区,南山区,沙河街道,华侨城,1,193.4,465.1,52075,22.537664,113.984817
桃苑小区,南山区,南头街道,桃园,1/12,193.7,444.0,12194,22.531719,113.917989
世界花园海华居,南山区,沙河街道,世界之窗,1/2/8,194.1,332.9,16673,22.542816,113.969838
金众·麒麟公馆,南山区,西丽街道,西丽湖,7,194.5,359.7,42706,22.599143,113.962568
马家龙方卉园小区,南山区,南头街道,中山公园,12,194.6,364.3,18599,22.549986,113.921986
福庭苑,南山区,南山街道,南油西,9,194.9,286.9,20827,22.509803,113.912984
汇雅苑,南山区,沙河街道,白石洲,1,194.9,398.5,23025,22.539624,113.959926
金田花园,南山区,南山街道,南山,11/12,195.5,361.8,8838,22.525318,113.915794
宝能华府,南山区,西丽街道,留仙洞,13/5,196.6,281.4,5775,22.584975,113.94166
新德家园,南山区,南头街道,大新,1,196.9,360.4,14914,22.532069,113.909619
荣村小区,南山区,蛇口街道,东角头,2/8,196.9,415.6,28046,22.489608,113.9224
半山海景·兰溪谷二期,南山区,招商街道,海上世界,12/2/8,198.1,458.4,50779,22.492203,113.909285
招商海月花园三期,南山区,招商街道,海月,2/8,199.1,371.5,28601,22.499928,113.931855
鲸山别墅,南山区,招商街道,蛇口港,12/2/8,199.3,598.0,233979,22.484209,113.904175
翠苑小区,南山区,蛇口街道,东角头,2/8,199.3,351.1,9143,22.490609,113.923378
安南花园小区,南山区,招商街道,花果山,12,200.0,266.6,3328,22.497199,113.91151
中兴西小区,坪山区,,坪环,16,0.0,252.7,46082,22.690348,114.341338
江岭社区,坪山区,,东纵纪念馆,16,0.0,87.6,19675,22.688136,114.351295
亨龙楼,坪山区,,坑梓,14,4.1,134.5,1731,22.747162,114.364946
佳华领悦广场,坪山区,,新和,16,14.4,225.1,26547,22.705075,114.33246
龙岗智慧家园,坪山区,,宝龙,14,18.5,184.5,45495,22.69236,114.294264
坪环统建楼北区,坪山区,,坪环,16,45.2,292.4,40101,22.686242,114.343688
中兴东小区,坪山区,,坪环,16,62.0,140.5,28800,22.689245,114.342217
深城投中城花园,坪山区,,坪山围,14/16,77.2,351.5,18076,22.697126,114.338724
六和城,坪山区,,六和,16,85.8,347.7,40543,22.69561,114.333723
梓龙楼,坪山区,,坑梓,14,91.1,230.0,967,22.746847,114.364042
沙坣青草林小区,坪山区,,燕子湖,16,91.8,261.1,23210,22.691055,114.367552
龙光玖云著,坪山区,,锦龙,14,95.7,287.8,21383,22.682845,114.326181
江岭永贞小区,坪山区,,东纵纪念馆,16,97.8,272.7,33251,22.686363,114.351214
天健和悦府,坪山区,,石井,16,102.5,224.7,62794,22.696445,114.377479
香江花园,坪山区,,东纵纪念馆,16,136.7,344.4,39854,22.686164,114.352603
紫樾润府,坪山区,,石井,16,139.0,322.3,15352,22.69554,114.375296
兴龙楼,坪山区,,坑梓,14,149.5,299.9,957,22.746554,114.363437
京基御景印象,坪山区,,锦龙,14,169.8,497.1,120410,22.678506,114.328096
合正·汇一城,宝安区,西乡街道,西乡,1,0.0,237.8,48314,22.5785,113.859213
泰华·君逸世家,宝安区,新安街道,宝体,1,0.0,144.5,24934,22.564538,113.876482
康城花园,宝安区,沙井街道,沙蚝,12,0.0,104.0,11918,22.742959,113.797536
宏发领域,宝安区,新安街道,宝安中心,1/5,0.0,201.0,37412,22.557254,113.884226
云玺锦庭,宝安区,新安街道,新安,1,0.0,176.0,19281,22.552313,113.889287
会展湾雍境,宝安区,沙井街道,海上田园南,12,0.0,215.3,36392,22.720334,113.771092
春和雅苑,宝安区,沙井街道,马安山,11,0.0,105.4,17114,22.719159,113.8127
榕江壹号院,宝安区,西乡街道,碧海湾,11,0.0,303.9,26960,22.577654,113.852966
海湾明珠,宝安区,西乡街道,西乡,1,0.0,169.8,28923,22.57805,113.855739
星航华府,宝安区,福永街道,兴围,12,0.0,163.8,47846,22.645963,113.827899
洪福雅苑,宝安区,新安街道,翻身,5,0.0,80.2,8832,22.56365,113.888533
湖景居,宝安区,新安街道,新安公园,12,0.0,86.6,4848,22.564495,113.905944
海信花园,宝安区,新安街道,新安公园,12,0.0,92.7,4471,22.565545,113.905108
壹航城,宝安区,航城街道,后瑞,1,0.0,236.6,26040,22.633843,113.829777
雅然居花园,宝安区,新安街道,上川,12,2.0,416.5,12088,22.581855,113.888102
塘坊花园,宝安区,新安街道,上川,12,3.0,260.5,76440,22.581187,113.893476
马安山花园,宝安区,沙井街道,马安山,11,4.5,104.6,12294,22.719763,113.810936
泰华·阳光海,宝安区,西乡街道,碧海湾,11,5.1,396.8,115206,22.575419,113.851554
福中福·幸福海岸,宝安区,新安街道,宝体,1,5.9,300.0,76146,22.562517,113.873655
蚝三丰泽园,宝安区,沙井街道,沙蚝,12,6.0,251.5,66273,22.743844,113.794658
海滨花园,宝安区,新安街道,上川,12,6.3,168.6,17102,22.581227,113.891035
黄金台小区,宝安区,新安街道,上川,12,6.3,443.4,23940,22.583671,113.890567
集信名城,宝安区,燕罗街道,松岗公园,6,6.6,298.2,146302,22.783823,113.843678
富源商贸中心,宝安区,新安街道,翻身,5,6.8,90.6,8029,22.562877,113.889338
雅仕阁,宝安区,新安街道,上川,12,7.6,179.7,3766,22.578236,113.892058
圣淘沙骏园,宝安区,西乡街道,西乡,1,7.7,239.4,57461,22.576986,113.857625
第五大道高发西岸花园,宝安区,新安街道,宝安,11,7.7,279.4,79126,22.558053,113.872808
富士君荟,宝安区,西乡街道,固戍,1,9.0,135.8,19416,22.604083,113.840732
德金花园,宝安区,福海街道,福海西,12,10.5,221.2,21208,22.690908,113.782199
汇璟雅苑,宝安区,石岩街道,上屋,13/6,11.7,157.5,8498,22.692339,113.935633
桃源居14区,宝安区,西乡街道,钟屋南,12,13.7,310.5,44629,22.620231,113.856578
中粮·锦云,宝安区,西乡街道,流塘,12,14.8,218.7,35090,22.587081,113.882564
新世界·松风明月花园,宝安区,松岗街道,松岗,11/6,15.0,496.2,46551,22.772253,113.820977
园岭桃园居,宝安区,石岩街道,上屋,13/6,15.5,131.6,5605,22.69287,113.934699
鸿荣源·禧园,宝安区,新桥街道,沙井,11,16.8,202.4,60236,22.734342,113.821193
万象新天三期,宝安区,西乡街道,固戍,1,17.5,150.8,11231,22.605003,113.842648
勤诚达·22世纪悦园,宝安区,新安街道,洪浪北,5,19.7,205.9,16579,22.575912,113.905308
嘉华花园,宝安区,西乡街道,流塘,12,21.2,108.9,15061,22.585885,113.884043
翠岗小区一区,宝安区,福永街道,福围,12,24.0,144.2,22349,22.661143,113.816226
锦明花园,宝安区,西乡街道,碧海湾,11,26.6,163.4,25367,22.580221,113.850687
玖悦雅轩,宝安区,新安街道,灵芝,12/5,27.8,79.2,6099,22.572738,113.899388
裕安花园,宝安区,新安街道,灵芝,12/5,28.0,246.1,47780,22.56998,113.898323
新苑雅筑,宝安区,沙井街道,沙蚝,12,29.1,224.0,35587,22.743894,113.798239
云海臻府,宝安区,沙井街道,海上田园南,12,34.1,323.2,26436,22.719073,113.771188
金泓·凯旋城,宝安区,新安街道,新安,1,36.1,398.6,141549,22.550905,113.893436
园岭,宝安区,石岩街道,上屋,13/6,41.5,282.3,39319,22.69322,113.936484
流塘75区小区,宝安区,西乡街道,流塘,12,46.5,422.6,3710,22.584067,113.887631
园岭大道5号,宝安区,石岩街道,上屋,13/6,46.9,202.1,3302,22.69351,113.934797
华侨城·宝辰,宝安区,新安街道,宝安,11,47.0,175.9,2151,22.55619,113.875918
桃源居3区,宝安区,西乡街道,西乡桃源,12,48.7,256.9,32597,22.616357,113.857855
碧海湾花园,宝安区,西乡街道,西乡,1,48.9,216.7,30691,22.579751,113.855008
旭仕达名苑,宝安区,新安街道,上川,12,53.1,462.5,4286,22.581699,113.887481
后瑞华庭,宝安区,航城街道,后瑞,1,53.6,181.1,8011,22.633266,113.831102
流塘阳光花园,宝安区,西乡街道,流塘,12,54.0,227.7,14158,22.584686,113.884165
都市翠海华苑,宝安区,新安街道,灵芝,12/5,55.4,164.6,3559,22.572439,113.900742
凤田中心区,宝安区,西乡街道,宝田一路,12,55.7,311.8,38627,22.598929,113.870862
惠中家属楼,宝安区,新安街道,洪浪北,5,56.2,182.5,2198,22.577084,113.904141
丽景城,宝安区,西乡街道,宝安客运,12,61.0,394.2,72526,22.591969,113.882458
御景台,宝安区,新安街道,新安公园,12,61.1,306.0,38039,22.562783,113.907237
兰花苑,宝安区,新安街道,上川,12,61.1,141.8,12063,22.578523,113.891113
永福苑,宝安区,福永街道,福围,12,64.7,311.4,13799,22.658824,113.813516
富盈门,宝安区,西乡街道,流塘,12,64.9,266.2,35427,22.589087,113.884785
桃源居西区,宝安区,西乡街道,西乡桃源,12,65.0,414.6,124198,22.616872,113.854651
宝新花园,宝安区,新安街道,翻身,5,67.0,149.1,6256,22.561647,113.888887
君钰府,宝安区,新安街道,上川,12,73.2,343.8,14779,22.582756,113.890603
恒富花园,宝安区,石岩街道,上屋,13/6,78.1,271.6,8559,22.694146,113.934847
溪头8区,宝安区,松岗街道,松岗,11/6,79.3,327.7,51578,22.774753,113.827767
臣田新苑,宝安区,西乡街道,宝田一路,12,81.6,223.4,20649,22.596779,113.871577
碧海君庭,宝安区,西乡街道,碧海湾,11,81.9,132.0,14095,22.578474,113.849045
灵芝园,宝安区,新安街道,新安公园,12,84.0,481.7,132575,22.569504,113.904893
招商臻府,宝安区,新安街道,上川,12,84.6,298.7,18148,22.580554,113.888689
华强城市花园四期,宝安区,福海街道,塘尾,11,87.7,285.4,29001,22.702924,113.811089
新庄园小区,宝安区,西乡街道,流塘,12,87.9,405.2,38381,22.590165,113.883432
正大安大厦,宝安区,新安街道,翻身,5,88.1,164.9,1785,22.564417,113.888456
富豪花园,宝安区,石岩街道,石岩,13,88.2,226.4,11378,22.681163,113.933916
金域豪庭,宝安区,福永街道,福永,11/12,88.6,440.3,101548,22.673652,113.803552
龙光·天悦龙庭,宝安区,新安街道,宝安中心,1/5,92.3,311.7,46258,22.560446,113.882205
富御花园,宝安区,新安街道,翻身,5,92.8,206.5,3354,22.562546,113.890423
天源花园,宝安区,新安街道,上川,12,94.2,192.0,2585,22.579246,113.893247
凤凰雅居,宝安区,西乡街道,宝田一路,12,94.3,239.9,12901,22.597758,113.871221
和安小区,宝安区,福海街道,福海西,12,95.1,429.4,45036,22.694592,113.78637
华联·城市全景,宝安区,新安街道,洪浪北,5,104.0,295.1,30063,22.576825,113.903076
古海花园,宝安区,西乡街道,平峦山,12,104.3,287.2,4879,22.604286,113.866309
怀德城市花园,宝安区,福永街道,怀德,12,104.9,326.2,6342,22.672216,113.814892
筑巢(前海)公寓,宝安区,新安街道,兴东,5,109.3,258.1,3400,22.586674,113.91548
水口花园,宝安区,新安街道,上川,12,110.3,524.3,175032,22.57834,113.896327
流塘荔景小区,宝安区,西乡街道,流塘,12,110.3,425.1,119114,22.582859,113.884492
新安湖别墅区,宝安区,新安街道,新安公园,12,111.2,262.7,3391,22.566089,113.903563
大观园小区,宝安区,新安街道,新安公园,12,111.6,178.1,1098,22.565103,113.904239
翡翠华庭,宝安区,新安街道,灵芝,12/5,112.7,195.3,2294,22.571917,113.901092
畔山美地嘉园,宝安区,西乡街道,平峦山,12,113.4,273.9,40832,22.608874,113.864261
中粮大悦城·铂悦,宝安区,新安街道,灵芝,12/5,113.4,307.1,17909,22.57063,113.896631
泰华花园,宝安区,新安街道,上川,12,114.1,342.9,8994,22.577138,113.893233
海天花园,宝安区,新安街道,翻身,5,115.4,221.2,13381,22.564721,113.889406
冠城世家,宝安区,新安街道,灵芝,12/5,116.2,355.5,73052,22.568921,113.899969
凤凰天誉,宝安区,西乡街道,宝田一路,12,119.3,256.3,15189,22.596778,113.875869
安泰花园,宝安区,西乡街道,坪洲,1,119.5,231.2,6647,22.571438,113.867929
兴安楼,宝安区,新安街道,洪浪北,5,121.6,251.5,4498,22.577987,113.908208
勤诚达·22世纪和园,宝安区,新安街道,洪浪北,5,121.8,329.3,25313,22.575045,113.904382
海乐花园,宝安区,西乡街道,西乡,1,122.0,303.0,15523,22.581706,113.856245
万象新天一期,宝安区,西乡街道,固戍,1,123.1,342.1,12482,22.60613,113.844165
新城市广场,宝安区,沙井街道,步涌,12,126.1,456.1,20138,22.761128,113.803002
沙浦一村永兴花园,宝安区,松岗街道,松岗,11/6,127.8,634.1,37088,22.774777,113.818465
香缇湾花园,宝安区,西乡街道,碧海湾,11,129.0,405.0,29852,22.578539,113.854209
鸿荣源·珈誉府6区,宝安区,新桥街道,塘尾,11,130.3,381.8,34464,22.701544,113.813464
新安湖花园,宝安区,新安街道,新安公园,12,131.2,444.9,90479,22.56699,113.90205
宝安6区,宝安区,新安街道,新安公园,12,137.4,215.6,3416,22.564797,113.903929
富达工业区宿舍,宝安区,新安街道,灵芝,12/5,138.4,316.1,10574,22.574583,113.897797
海云轩,宝安区,新安街道,翻身,5,138.9,244.5,9252,22.560783,113.888995
松河瑞园,宝安区,松岗街道,松岗,11/6,141.5,365.3,41290,22.772583,113.826785
水口花园宿舍楼,宝安区,新安街道,上川,12,143.2,289.2,6749,22.580059,113.894258
雅涛花园,宝安区,西乡街道,坪洲,1,146.8,333.1,14183,22.568965,113.866227
和合时代大厦,宝安区,石岩街道,上屋,13/6,147.1,307.0,9539,22.694407,113.933343
中粮大悦城·天玺壹号,宝安区,新安街道,灵芝,12/5,149.7,349.8,20432,22.571418,113.895864
润恒·都市茗荟花园(一期),宝安区,新安街道,新安,1,149.9,347.7,23956,22.553542,113.88803
富士君悦府,宝安区,西乡街道,固戍,1,151.3,273.5,10496,22.603871,113.839353
丽晶国际,宝安区,新安街道,宝安中心,1/5,152.4,306.5,19267,22.558842,113.884998
宏发·前城滨海花园（二期）,宝安区,西乡街道,坪洲,1,156.0,305.4,34975,22.573577,113.86813
鸿荣源·西岸观邸,宝安区,新安街道,新安,1,157.3,325.2,22564,22.553513,113.890614
玖玖颂阁,宝安区,新安街道,上川,12,157.4,511.3,15978,22.580657,113.886586
中洲华府,宝安区,新安街道,灵芝,12/5,157.6,489.7,85292,22.576359,113.900219
润恒·都市茗荟花园(二期),宝安区,新安街道,新安,1,158.3,369.7,34424,22.552105,113.886279
鸿荣源·熙龙湾（一期）,宝安区,新安街道,临海,5,159.4,350.1,58439,22.550442,113.884086
鸿达兴花园,宝安区,新桥街道,沙井,11,161.8,332.2,7621,22.730997,113.82102
弘雅花园三期,宝安区,新安街道,上川,12,162.5,315.1,54877,22.578382,113.888784
玺玥华府,宝安区,新安街道,洪浪北,5,163.0,281.5,8891,22.578997,113.903415
金雅新园,宝安区,西乡街道,宝安客运,12,163.0,284.2,11387,22.593467,113.876101
华发新城华苑一期,宝安区,沙井街道,海上田园南,12,163.3,446.6,30004,22.717896,113.771406
金成时代家园,宝安区,新安街道,宝体,1,165.5,281.5,19934,22.565537,113.877623
中海西岸华府北区,宝安区,松岗街道,朗下,12,165.7,479.8,96093,22.774005,113.815593
御溪城,宝安区,松岗街道,松岗,11/6,167.0,368.3,13124,22.77187,113.82458
南航明珠花园,宝安区,航城街道,固戍,1,168.2,618.3,82310,22.60784,113.837893
君成·雍和园,宝安区,西乡街道,宝安客运,12,168.3,393.6,23494,22.590758,113.881992
宝利小区,宝安区,西乡街道,西乡桃源,12,169.4,226.3,2269,22.614291,113.855153
中熙·香缤山花园,宝安区,西乡街道,宝田一路,12,170.2,337.3,17287,22.598021,113.876802
鸿荣源·珈誉府2区,宝安区,新桥街道,塘尾,11,171.6,324.2,40501,22.704598,113.815952
鸿荣源·熙龙湾（二期）,宝安区,新安街道,临海,5,172.2,326.1,50556,22.549062,113.886843
遇见·美舍,宝安区,新安街道,兴东,5,173.7,263.5,3198,22.583523,113.911845
蚝业雅苑,宝安区,西乡街道,西乡,1,174.9,232.9,3834,22.58,113.859005
松茂·御龙湾,宝安区,西乡街道,碧海湾,11,176.0,283.2,40087,22.576899,113.848438
万科大都会,宝安区,新安街道,灵芝,12/5,176.5,381.3,27807,22.57269,113.895555
白金假日公寓,宝安区,西乡街道,坪洲,1,179.0,241.7,8168,22.570527,113.863951
中海西岸华府南区,宝安区,松岗街道,朗下,12,179.7,432.3,45354,22.771621,113.817017
怡景花苑,宝安区,新安街道,翻身,5,180.3,234.0,6535,22.563227,113.886205
和荣西湾,宝安区,西乡街道,固戍,1,181.2,403.9,10248,22.60521,113.8384
富东花园,宝安区,西乡街道,流塘,12,181.8,328.6,24987,22.585831,113.881591
桃源居15区,宝安区,西乡街道,钟屋南,12,184.5,467.0,60998,22.621054,113.858557
西乡安居家园,宝安区,航城街道,固戍,1,187.0,537.7,26407,22.608535,113.840999
半岛明苑,宝安区,西乡街道,坪洲,1,187.4,418.3,15312,22.573438,113.869477
庄边金庄园,宝安区,西乡街道,流塘,12,187.6,477.1,32508,22.589037,113.880761
怀德峰景,宝安区,福永街道,怀德,12,188.3,385.8,47077,22.665969,113.814761
学府雅苑,宝安区,沙井街道,马安山,11,188.9,338.5,4546,22.718332,113.809072
麒麟名都,宝安区,新桥街道,沙井,11,192.3,391.9,18399,22.736866,113.820827
西城品阁,宝安区,新安街道,上川,12,195.7,348.8,6673,22.579932,113.888077
翠岗小区二区,宝安区,福永街道,福围,12,196.2,353.0,17270,22.663029,113.816436
桥头岭,宝安区,石岩街道,罗租,13,198.0,482.7,80942,22.675307,113.929084
河东骏丰园,宝安区,西乡街道,流塘,12,198.9,434.3,13657,22.586841,113.880429
海鹏苑,盐田区,,盐田港西,2/8,0.0,77.9,5045,22.564763,114.24094
洪安围华侨新村二期,盐田区,,鸿安围,2/8,5.0,210.0,27164,22.592108,114.260788
三环小区,盐田区,,沙头角,2/8,8.7,105.9,12621,22.557973,114.217582
东海丽景花园,盐田区,,盐田路,2/8,9.8,389.2,32866,22.593154,114.253511
南苑小区,盐田区,,鸿安围,2/8,10.3,187.4,7268,22.593428,114.261133
倚山时代雅居,盐田区,,鸿安围,2/8,12.4,57.4,5038,22.59294,114.25909
裕宏园,盐田区,,盐田路,2/8,13.1,233.6,12002,22.59324,114.251049
金港·盛世华庭,盐田区,,盐田路,2/8,16.7,89.3,13018,22.591954,114.249937
东部阳光花园,盐田区,,盐田港西,2/8,21.6,108.0,20528,22.565399,114.240772
半山悦海花园,盐田区,,沙头角,2/8,34.5,263.9,18300,22.558107,114.215823
盐田北山工业区宿舍,盐田区,,鸿安围,2/8,53.3,93.6,4301,22.594135,114.259786
佳兆业·山海城,盐田区,,盐田路,2/8,61.3,250.0,18936,22.590425,114.248071
蔚蓝海湾苑,盐田区,,盐田墟,2/8,62.3,209.8,1890,22.589034,114.272504
合泰御景翠峰,盐田区,,沙头角,2/8,64.5,260.2,16270,22.556446,114.215806
裕达华庭,盐田区,,盐田路,2/8,68.2,323.2,8760,22.593991,114.251375
海滨假日,盐田区,,盐田墟,2/8,68.3,229.1,3791,22.589735,114.268759
洪安围华侨新村一期,盐田区,,鸿安围,2/8,79.3,293.0,33886,22.590836,114.259932
蔚蓝假日雅苑,盐田区,,盐田墟,2/8,82.7,228.7,917,22.589431,114.272973
沙头角海关生活区,盐田区,,沙头角,2/8,83.2,181.0,7449,22.5558,114.219088
金水湾御园,盐田区,,盐田路,2/8,86.5,391.1,11426,22.594423,114.251977
梧桐阁,盐田区,,沙头角,2/8,91.8,116.7,4063,22.55618,114.21844
海都花园,盐田区,,海山,2/8,98.8,238.3,3372,22.559861,114.234444
天利明园,盐田区,,盐田路,2/8,105.3,357.6,4693,22.592286,114.253628
沙副小区,盐田区,,沙头角,2/8,114.8,263.9,9444,22.555265,114.21968
海山道1号,盐田区,,海山,2/8,115.2,289.7,14922,22.560825,114.233646
梧桐海景苑,盐田区,,盐田港西,2/8,117.5,156.1,2479,22.566314,114.241561
鹏广达时代广场,盐田区,,盐田路,2/8,121.8,259.7,10539,22.593512,114.249722
深大书香文苑,盐田区,,盐田墟,2/8,131.2,122.5,6058,22.591303,114.271202
丰度公寓,盐田区,,沙头角,2/8,149.5,313.3,408,22.556277,114.221076
沿港社区,盐田区,,盐田墟,2/8,152.9,317.0,10569,22.588965,114.268158
山海四季城2期·华府,盐田区,,盐田路,2/8,156.3,375.5,13001,22.594627,114.250336
鹏广达·公园道,盐田区,,盐田路,2/8,159.7,499.0,4762,22.59394,114.254221
山海阳光云景,盐田区,,沙头角,2/8,172.5,261.4,7168,22.559479,114.217514
春天海,盐田区,,盐田墟,2/8,174.0,365.0,2990,22.58934,114.267505
梧桐馨园,盐田区,,盐田港西,2/8,174.2,227.3,4600,22.566608,114.24044
首开龙湖天琅,盐田区,,盐田港西,2/8,179.6,223.6,3947,22.566851,114.241085
佳兆业新三村家园,盐田区,,盐田路,2/8,185.9,386.9,19429,22.588668,114.25288
万科·天琴湾,盐田区,,小梅沙,2/8,186.8,549.8,259305,22.600928,114.317361
海安居,盐田区,,沙头角,2/8,189.7,277.9,874,22.559322,114.219654
东和公司工人生活区,盐田区,,沙头角,2/8,190.0,415.0,22709,22.559073,114.2217
和亨中心广场,盐田区,,盐田路,2/8,194.6,392.2,9126,22.591369,114.246525
和亨雅园,盐田区,,鸿安围,2/8,196.2,365.7,5109,22.592012,114.262529
通新岭小区北区,福田区,,通新岭,3/6,0.0,171.9,43041,22.550443,114.092101
万科·瑧山府（三期）,福田区,,安托山,2/7/8,0.0,105.8,15278,22.552395,114.001904
彩福大厦,福田区,,岗厦,1/10,0.0,135.7,10480,22.538675,114.06234
花好园,福田区,,下沙,9,0.0,164.3,11070,22.531083,114.020108
梅林阁,福田区,,梅村,9,0.0,199.2,4110,22.570709,114.049043
岁宝壹品,福田区,,八卦岭,6/7,0.0,220.5,32158,22.565604,114.088634
中旅·国际公馆二期,福田区,,侨香,2/8,0.0,195.7,64533,22.550748,114.008949
绿景·虹湾,福田区,,梅景,9,0.0,119.4,39537,22.563751,114.034079
香蜜湖水榭花都,福田区,,香梅,9,0.0,388.2,169917,22.551148,114.032132
汇港名苑,福田区,,赤尾,7,0.0,188.7,13394,22.532847,114.078594
彩田居,福田区,,莲花北,4,0.0,76.8,1167,22.56413,114.054622
知本大厦,福田区,,福民,7,0.0,90.6,2033,22.52648,114.060248
雅福居,福田区,,安托山,2/7/8,1.2,96.2,11705,22.551082,114.001966
梅林海关生活区,福田区,,莲花北,4,1.2,95.1,9773,22.563422,114.053407
园岭新村一期,福田区,,红岭,3/9,1.9,197.4,37316,22.552758,114.098114
安居苑,福田区,,莲花北,4,1.9,89.3,11186,22.562978,114.054995
景福大厦,福田区,,赤尾,7,2.0,115.6,7482,22.534057,114.077796
金梅花园,福田区,,下梅林,9,2.2,160.3,25128,22.56834,114.038436
福源花园3期,福田区,,福保,3,2.7,183.1,15144,22.511497,114.04947
彩虹新都,福田区,,岗厦,1/10,2.7,118.8,10402,22.538538,114.06348
新浩城花园,福田区,,侨城东,1,3.2,138.9,16541,22.534174,113.991615
缔梦园,福田区,,景田,2/8/9,3.5,228.3,27901,22.554833,114.036881
加福华尔登府邸,福田区,,福田口岸,10/4,3.6,313.0,8437,22.520165,114.061229
香荔花园馨苑,福田区,,农林,7,3.6,114.8,6405,22.544042,114.013964
尚书苑,福田区,,梅景,9,4.1,222.9,14870,22.565578,114.032577
振业梅苑,福田区,,上梅林,4/9,4.1,261.7,14727,22.569749,114.05449
荔林苑,福田区,,农林,7,4.4,65.9,7436,22.543763,114.012825
恒福花园,福田区,,福民,7,4.4,384.1,3959,22.529795,114.062505
彩天名苑,福田区,,岗厦北,10/11/14/2/8,4.4,329.1,6428,22.540155,114.063355
润裕花园西区,福田区,,下梅林,9,4.5,105.3,4640,22.56909,114.03766
福莲花园,福田区,,莲花村,10/3,5.0,265.2,55535,22.549284,114.063937
城市3米6公寓,福田区,,福保,3,5.2,86.7,5586,22.511559,114.050977
碧云天,福田区,,梅景,9,5.3,106.5,11630,22.563129,114.032024
南华花园,福田区,,华强南,11/7,5.8,186.5,9021,22.538651,114.082448
海滨广场,福田区,,福民,7,6.3,291.2,14105,22.529161,114.061632
枫丹雅苑,福田区,,香蜜,2/8,6.8,91.2,7076,22.556438,114.018131
万科金色家园,福田区,,景田,2/8/9,6.9,110.1,27343,22.557084,114.039008
海康大厦,福田区,,上梅林,4/9,6.9,231.6,7325,22.570474,114.05631
皇岗新村一期,福田区,,皇岗村,7,7.8,183.8,48780,22.52503,114.055506
长城盛世家园一期,福田区,,冬瓜岭,10,9.2,118.8,7910,22.562939,114.061489
中央花园,福田区,,石厦,3/7,9.3,86.2,11909,22.526353,114.047629
共和世家,福田区,,皇岗村,7,9.3,196.3,37906,22.524295,114.053032
皇达·东方雅苑,福田区,,皇岗村,7,9.9,195.4,15169,22.526698,114.052287
星河明居,福田区,,石厦,3/7,10.2,139.2,7236,22.525132,114.047913
绿景花园二期,福田区,,沙尾,7,10.3,132.3,21298,22.524589,114.03794
彩天怡色家园,福田区,,冬瓜岭,10,10.8,116.5,3987,22.564007,114.061474
园岭一街小区,福田区,,通新岭,3/6,11.6,215.8,26467,22.553095,114.092445
安峦公馆,福田区,,安托山,2/7/8,11.9,161.1,13506,22.551024,113.999847
益田大厦,福田区,,益田,3,12.8,64.9,12536,22.518226,114.045857
益田名园,福田区,,益田,3,13.2,159.5,14292,22.520248,114.045895
缇香名苑,福田区,,香梅,9,14.6,182.5,17734,22.547561,114.035892
鹏益花园,福田区,,八卦岭,6/7,14.9,99.8,25017,22.562889,114.089601
香蜜湖一号,福田区,,香梅北,2/8,15.4,295.0,92899,22.554452,114.029431
帝港海湾豪园,福田区,,福保,3,15.9,135.1,12358,22.511889,114.050526
中银花园,福田区,,莲花村,10/3,16.0,190.7,20731,22.550121,114.061389
豪峰园,福田区,,香蜜,2/8,16.5,134.1,8788,22.556429,114.017525
福雅园,福田区,,福民,7,16.7,162.7,5310,22.525154,114.061506
长城花园,福田区,,黄木岗,14/7,16.9,308.1,35707,22.557149,114.084757
中港城,福田区,,益田,3,17.0,201.6,15973,22.519424,114.047743
时代星居,福田区,,福民,7,18.3,110.7,3140,22.525616,114.061413
皇福御苑,福田区,,福民,7,19.3,28.8,2027,22.526321,114.061079
紫薇阁,福田区,,梅景,9,19.7,266.8,3224,22.561317,114.033765
怡枫园,福田区,,景田,2/8/9,19.7,202.4,8909,22.555574,114.040409
艺丰花园C区,福田区,,孖岭,10/9,19.8,175.3,14986,22.572132,114.062777
海馨苑,福田区,,黄木岗,14/7,21.6,430.1,53678,22.555132,114.080274
黄埔雅苑翠悠园,福田区,,莲花西,2/8,21.7,182.4,32812,22.548331,114.045695
银泰苑,福田区,,福田口岸,10/4,22.7,433.9,9609,22.518757,114.05922
荔园阁二期,福田区,,梅村,9,22.8,158.3,6079,22.570251,114.046003
八卦岭宿舍区,福田区,,红岭北,7/9,22.8,330.0,113879,22.563253,114.096639
华强花园,福田区,,华强路,1,23.5,146.5,44592,22.541719,114.079951
百花园一期,福田区,,体育中心,6,24.4,89.3,14941,22.557019,114.089817
翠海花园,福田区,,侨香,2/8,25.1,250.4,41112,22.553993,114.011135
绿景花园一期,福田区,,沙尾,7,25.6,193.8,14788,22.525024,114.036732
福群楼,福田区,,赤尾,7,27.1,210.4,16888,22.533762,114.076927
莲花天心楼,福田区,,莲花北,4,27.3,90.5,2255,22.562877,114.053753
中康生活区,福田区,,梅村,9,28.0,300.6,29709,22.571866,114.050002
福民佳园,福田区,,福民,7,28.1,158.6,11267,22.525285,114.060464
圆梦园,福田区,,福保,3,28.5,203.1,10738,22.512219,114.0523
嘉麟豪庭,福田区,,岗厦北,10/11/14/2/8,28.8,278.0,2238,22.541489,114.061501
下步庙北区,福田区,,华强南,11/7,29.2,126.2,51554,22.53954,114.083207
怡和楼,福田区,,上沙,7,29.6,185.4,5354,22.527167,114.032395
翡翠名园,福田区,,冬瓜岭,10,30.6,192.2,13643,22.56498,114.061487
润裕花园东区,福田区,,下梅林,9,31.5,273.3,4569,22.569724,114.039172
民宁园,福田区,,冬瓜岭,10,32.0,102.1,5221,22.563568,114.061479
新天国际名苑,福田区,,香蜜,2/8,32.5,232.0,13405,22.554716,114.020564
福贸花园,福田区,,上梅林,4/9,33.0,136.1,10446,22.572369,114.053585
中泰燕南名庭,福田区,,燕南,2/8,35.4,165.6,6632,22.54782,114.088352
茗香苑,福田区,,景田,2/8/9,35.5,199.9,3936,22.557882,114.037897
香荔花园二期,福田区,,农林,7,35.5,131.1,14660,22.544464,114.013277
水围金怡华庭,福田区,,福民,7,37.0,254.7,7560,22.527111,114.058713
中国民生银行员工宿舍,福田区,,孖岭,10/9,37.4,186.6,3645,22.57161,114.061002
安居百泉阁,福田区,,安托山,2/7/8,37.7,192.1,6051,22.550093,114.002077
金地翠园,福田区,,石厦,3/7,38.3,106.3,7607,22.52712,114.048959
香蜜湖豪庭,福田区,,香蜜,2/8,39.1,136.6,5995,22.554612,114.019139
众孚大厦,福田区,,石厦,3/7,40.0,190.6,3338,22.525152,114.047064
物业时代新居,福田区,,益田,3,41.0,231.2,21012,22.520761,114.045105
赛格苑,福田区,,华强南,11/7,43.0,177.3,9960,22.541913,114.082546
深荣大厦,福田区,,福田口岸,10/4,44.3,333.0,7886,22.520935,114.062104
梅林苑,福田区,,梅景,9,44.9,103.4,11752,22.563943,114.031997
园岭新村-北3区,福田区,,园岭,9,46.4,195.2,5730,22.557879,114.097867
富强花园,福田区,,福民,7,46.6,479.6,5071,22.530055,114.063896
南光·名仕苑,福田区,,福田口岸,10/4,47.8,387.3,10342,22.51907,114.059752
竹园小区南区,福田区,,农林,7,51.4,258.2,37066,22.541408,114.011716
金丰花园,福田区,,孖岭,10/9,51.7,183.9,5134,22.570624,114.064227
南天一花园,福田区,,体育中心,6,52.3,236.8,38858,22.557076,114.088329
绿茵阁,福田区,,福民,7,52.6,241.1,6625,22.524467,114.06168
凯丰花园,福田区,,孖岭,10/9,52.7,298.0,21254,22.570224,114.059566
博伦花园,福田区,,石厦,3/7,53.6,155.7,5132,22.52636,114.049974
润华苑,福田区,,下梅林,9,56.3,112.4,5803,22.569483,114.036921
御河堤,福田区,,红岭南,11/9,56.6,199.8,9225,22.540722,114.098778
都市阳光名苑,福田区,,车公庙,1/11/7/9,57.7,245.4,1984,22.5379,114.020499
高发·城驰苑,福田区,,皇岗村,7,57.9,186.6,7213,22.525264,114.052248
宏威花园,福田区,,莲花北,4,58.3,140.8,3152,22.562912,114.053111
园岭新村-西1区,福田区,,体育中心,6,58.6,189.7,8284,22.556446,114.092191
景茗苑,福田区,,景田,2/8/9,59.6,269.1,6143,22.558388,114.037456
中旅·国际公馆一期,福田区,,侨香,2/8,62.3,308.5,59155,22.550681,114.011621
福业大厦,福田区,,福民,7,62.3,444.6,1893,22.530378,114.062499
京基·御景华城,福田区,,赤尾,7,63.1,221.1,25784,22.535336,114.080764
天御香山花园,福田区,,农林,7,67.3,229.9,29593,22.541732,114.014688
廊桥国际,福田区,,皇岗口岸,7,68.3,208.1,16591,22.525873,114.068009
海悦华城,福田区,,福田口岸,10/4,69.2,226.0,13422,22.51952,114.065051
富盛花园,福田区,,下梅林,9,69.7,183.1,3482,22.566856,114.036512
碧馨苑,福田区,,石厦,3/7,70.7,100.6,2888,22.526793,114.049269
嘉福花园,福田区,,福田口岸,10/4,71.0,328.9,9436,22.519785,114.060704
天威花园,福田区,,冬瓜岭,10,72.1,342.4,10394,22.560758,114.060951
金海燕花园,福田区,,侨城东,1,72.6,252.1,23697,22.533144,113.991453
百花园二期,福田区,,体育中心,6,73.0,282.4,25949,22.554955,114.089637
福民大厦,福田区,,福民,7,74.6,307.8,6655,22.525346,114.063805
都会轩,福田区,,华强路,1,75.4,186.0,1524,22.544418,114.078912
艺丰花园A区,福田区,,孖岭,10/9,76.1,317.1,20009,22.572668,114.060329
艺丰花园D区,福田区,,孖岭,10/9,78.9,269.8,5345,22.572204,114.064394
新亚洲国利大厦,福田区,,华强北,2/7/8,79.6,126.2,4632,22.545962,114.079806
天健时尚名苑,福田区,,福保,3,79.7,246.8,5148,22.511905,114.049002
泰然公寓,福田区,,车公庙,1/11/7/9,79.9,254.7,19900,22.537025,114.02114
皇庭世茂裕玺,福田区,,下梅林,9,81.0,304.6,12052,22.565942,114.035727
特发小区,福田区,,香梅北,2/8,82.8,306.7,50853,22.557775,114.025093
香蜜湖九号大院,福田区,,香蜜,2/8,84.0,168.4,18365,22.55457,114.017543
园岭新村-北1区,福田区,,体育中心,6,85.5,267.2,35940,22.557665,114.09319
桑达小区,福田区,,燕南,2/8,85.8,238.4,11289,22.546188,114.084839
荔园阁一期,福田区,,梅村,9,85.9,196.5,5829,22.56968,114.046154
宏安花园,福田区,,下梅林,9,86.2,307.6,12922,22.568921,114.039836
椰树花园,福田区,,上沙,7,86.5,252.7,12864,22.528047,114.032949
泰然广场,福田区,,下沙,9,86.6,90.5,14456,22.530857,114.018822
福源花园,福田区,,福保,3,87.3,324.9,14487,22.511279,114.047961
天然居,福田区,,香梅北,2/8,87.6,341.4,14772,22.556962,114.031123
景田西小区,福田区,,梅景,9,87.6,536.4,33721,22.559629,114.035915
玮鹏花园,福田区,,科学馆,1/11/6,87.9,260.0,16256,22.544857,114.089455
天泽花园,福田区,,福田口岸,10/4,91.5,304.1,22826,22.520593,114.0648
景林花园,福田区,,景田,2/8/9,91.5,232.9,5064,22.557694,114.040131
恒冠豪园,福田区,,石厦,3/7,94.0,243.3,11151,22.528423,114.048967
园岭新村-西2区,福田区,,体育中心,6,94.5,278.4,4990,22.555412,114.092356
园岭新村二期-南区,福田区,,红岭,3/9,95.4,491.7,23475,22.552436,114.094672
华府馨居,福田区,,上梅林,4/9,95.5,251.4,7777,22.569839,114.055234
景田怡华苑,福田区,,梅景,9,96.1,323.9,4384,22.560675,114.032848
福乐雅苑,福田区,,皇岗村,7,96.8,208.4,3255,22.524854,114.05223
福源大厦,福田区,,岗厦,1/10,97.7,364.1,7931,22.53458,114.064365
香格丽苑,福田区,,侨香,2/8,98.0,169.5,14260,22.552485,114.007681
恒星园,福田区,,香蜜,2/8,98.1,205.7,5497,22.55632,114.016694
辛诚花园,福田区,,岗厦,1/10,98.9,376.2,21936,22.534572,114.061273
长乐花园,福田区,,体育中心,6,99.4,482.3,14054,22.556317,114.086055
骏皇名居,福田区,,福田口岸,10/4,99.9,530.7,9582,22.518622,114.058254
金茂礼都,福田区,,燕南,2/8,100.6,172.5,2948,22.548572,114.086189
泰然劲松小区,福田区,,车公庙,1/11/7/9,101.2,341.3,14959,22.537827,114.025796
都会100大厦,福田区,,华强路,1,102.0,153.1,2967,22.544419,114.079873
深业岭秀名苑,福田区,,莲花北,4,103.6,181.5,4597,22.563656,114.052571
香蜜新村东区,福田区,,香梅,9,103.8,343.5,10518,22.549497,114.037364
瑞昌大厦,福田区,,福民,7,104.1,496.0,3005,22.530866,114.062495
云中大厦,福田区,,上梅林,4/9,105.2,301.7,5281,22.569705,114.056301
恒邦壹峰,福田区,,燕南,2/8,105.8,154.1,4146,22.546242,114.085784
东梅公寓,福田区,,上梅林,4/9,107.5,274.4,5945,22.570051,114.053347
瑞和园,福田区,,石厦,3/7,107.7,231.6,6156,22.526373,114.050713
旭飞花园,福田区,,园岭,9,112.2,286.7,13016,22.561042,114.098057
深业·龙溪花园,福田区,,农林,7,112.8,368.6,70346,22.546398,114.011953
国城花园,福田区,,通新岭,3/6,113.5,233.5,9226,22.553494,114.08996
万科·瑧山府,福田区,,安托山,2/7/8,114.6,280.0,34428,22.553868,114.002562
南光·紫荆苑,福田区,,福保,3,114.9,297.2,6417,22.512335,114.053431
园岭新村-东1区,福田区,,园岭,9,115.2,233.2,6629,22.556976,114.098376
华茂欣园,福田区,,莲花西,2/8,117.2,192.7,5875,22.549804,114.043041
梅兴苑北区,福田区,,梅村,9,117.3,341.1,22340,22.569295,114.044552
中电大院,福田区,,华强南,11/7,117.9,230.8,15051,22.542116,114.083468
天建名苑,福田区,,莲花西,2/8,118.1,189.1,4851,22.548958,114.043321
海德园,福田区,,安托山,2/7/8,118.1,306.4,42187,22.554181,114.000063
桑达雅苑,福田区,,燕南,2/8,118.4,279.8,2526,22.548289,114.084468
锦林新居,福田区,,下梅林,9,118.5,399.2,25159,22.565459,114.034757
鸿运大楼,福田区,,上梅林,4/9,119.2,246.6,5928,22.570705,114.052988
天健公馆,福田区,,安托山,2/7/8,119.4,205.8,7176,22.552012,114.003223
碧海红树园,福田区,,下沙,9,119.5,217.2,24442,22.530025,114.017463
长城盛世家园二期,福田区,,冬瓜岭,10,119.9,254.9,23137,22.563913,114.060029
恒运豪庭,福田区,,岗厦,1/10,119.9,271.8,1344,22.535832,114.061104
青莲公寓,福田区,,莲花北,4,120.7,193.5,4451,22.564114,114.052569
福丰楼,福田区,,上梅林,4/9,121.2,219.4,2217,22.571478,114.052839
银庄大厦,福田区,,福民,7,122.0,299.4,9572,22.524361,114.059461
熙园,福田区,,香蜜,2/8,122.1,346.5,116006,22.552783,114.019698
福涛东园,福田区,,福民,7,122.8,259.1,7285,22.524256,114.060841
明月花园,福田区,,石厦,3/7,122.9,217.6,14476,22.52713,114.050369
通业大厦,福田区,,梅景,9,123.2,193.8,6460,22.562981,114.031166
半山御景,福田区,,翰岭,6,124.4,243.5,10425,22.57543,114.065492
园岭新村-北2区,福田区,,园岭,9,125.2,369.8,32782,22.557722,114.096078
鑫竹苑,福田区,,农林,7,125.7,303.3,6979,22.540603,114.01262
荔树人家,福田区,,上沙,7,125.9,324.9,8300,22.52955,114.028503
景新花园景秀阁,福田区,,景田,2/8/9,127.2,294.7,4045,22.556946,114.0413
泰安轩,福田区,,车公庙,1/11/7/9,128.5,363.6,6592,22.536805,114.019886
锦庐花园,福田区,,安托山,2/7/8,128.7,224.5,10875,22.552703,114.003124
香域中央花园,福田区,,侨香,2/8,128.9,380.4,58218,22.552392,114.013028
伟柏花园,福田区,,福民,7,131.0,487.8,4850,22.530932,114.061791
竹园小区北区,福田区,,农林,7,131.6,260.4,12694,22.54343,114.010677
通业花园,福田区,,梅景,9,131.9,236.3,10044,22.563484,114.030635
卫检大厦,福田区,,福民,7,133.5,563.9,8110,22.530263,114.064901
翠馨居花园,福田区,,红岭北,7/9,133.8,291.1,6237,22.56679,114.097757
艺丰花园B区,福田区,,孖岭,10/9,134.0,297.7,8739,22.573264,114.062302
嘉园,福田区,,香蜜,2/8,134.0,203.2,11029,22.557405,114.017779
园岭新村二期-北区,福田区,,红岭,3/9,134.4,495.3,18591,22.553603,114.095142
集福居,福田区,,莲花村,10/3,135.7,253.0,5685,22.550101,114.064716
星逸居,福田区,,香蜜,2/8,135.8,239.1,3844,22.556807,114.016575
长怡花园,福田区,,华新,3/7,138.2,243.4,8745,22.553504,114.083253
众孚花园,福田区,,石厦,3/7,138.4,306.6,4534,22.524553,114.046133
南天二花园,福田区,,通新岭,3/6,138.4,334.4,27480,22.553574,114.088547
中海华庭,福田区,,购物公园,1/3,140.1,157.9,27724,22.536233,114.046861
景丽花园,福田区,,景田,2/8/9,140.7,332.2,7955,22.555928,114.041773
百花公寓,福田区,,体育中心,6,141.5,446.0,17989,22.554932,114.087137
香蜜湖·唯珍府,福田区,,香梅北,2/8,141.8,291.9,6306,22.55825,114.030077
健君园,福田区,,孖岭,10/9,142.4,309.0,15993,22.573277,114.063204
华舍公寓,福田区,,下梅林,9,143.8,313.6,693,22.567116,114.034206
公安街干警宿舍,福田区,,梅村,9,144.0,278.3,14457,22.573328,114.045776
上梅林雅苑,福田区,,梅村,9,144.0,253.0,12317,22.568906,114.047389
深业花园,福田区,,莲花村,10/3,145.0,337.4,40168,22.548553,114.061418
金桂大厦,福田区,,福田口岸,10/4,145.0,569.7,5464,22.517403,114.057917
星河锦居,福田区,,沙尾,7,145.1,216.8,642,22.522054,114.039029
景西大厦,福田区,,梅景,9,146.6,398.1,3055,22.560579,114.035028
帝涛豪园,福田区,,福保,3,147.3,320.3,5642,22.512846,114.053254
翰岭院,福田区,,翰岭,6,147.3,228.7,40002,22.574895,114.06366
鸣泉居,福田区,,侨香,2/8,147.3,302.6,11389,22.551141,114.006764
东方玫瑰花园,福田区,,香蜜湖,1/11,151.0,371.2,27549,22.542896,114.036967
理想公馆,福田区,,上梅林,4/9,153.6,173.4,1407,22.572886,114.056318
长城二花园,福田区,,黄木岗,14/7,154.3,363.9,22521,22.555365,114.082896
医疗中心小区,福田区,,华强南,11/7,154.4,379.9,23834,22.539373,114.078772
凯欣园,福田区,,沙尾,7,154.5,264.9,9503,22.525778,114.038134
天健天骄东郡,福田区,,景田,2/8/9,155.6,229.7,3503,22.554134,114.038244
润丰园,福田区,,景田,2/8/9,155.9,320.6,4665,22.555398,114.041555
东海花园二期西区,福田区,,车公庙,1/11/7/9,156.9,456.5,44658,22.541417,114.019201
香荔花园一期,福田区,,农林,7,157.1,230.0,6805,22.545343,114.01346
宝鸿苑,福田区,,沙尾,7,158.6,289.1,9089,22.526042,114.037244
碧海云天,福田区,,侨城东,1,158.8,427.7,78233,22.531649,113.990579
景田南小区,福田区,,景田,2/8/9,160.2,362.4,22661,22.558424,114.041123
东海花园二期东区,福田区,,车公庙,1/11/7/9,160.7,337.9,14748,22.541606,114.021288
绿洲花园,福田区,,沙尾,7,161.5,310.7,14201,22.525575,114.035584
花里林居,福田区,,孖岭,10/9,162.4,357.2,8821,22.573244,114.064395
皇庭彩园,福田区,,皇岗村,7,164.0,333.4,6054,22.523649,114.056164
皇岗新村二期,福田区,,皇岗村,7,164.0,284.9,23121,22.523499,114.055077
华明楼,福田区,,福民,7,165.5,334.7,3245,22.52958,114.060789
茂恒园,福田区,,冬瓜岭,10,167.5,281.5,7659,22.565901,114.061563
宣嘉华庭,福田区,,福田口岸,10/4,167.7,530.3,18127,22.522662,114.061593
信托花园,福田区,,石厦,3/7,167.8,361.7,23824,22.529404,114.047456
合旺阁,福田区,,上梅林,4/9,168.0,313.6,4909,22.569275,114.055248
现代苑,福田区,,莲花村,10/3,169.9,287.7,7889,22.550439,114.065282
金港豪庭,福田区,,福田口岸,10/4,170.1,509.3,12734,22.521238,114.059697
金众小区,福田区,,竹子林,1/11,170.4,477.7,47508,22.540321,114.007332
越众小区,福田区,,竹子林,1/11,171.7,458.2,29324,22.539614,114.006356
缔馨园,福田区,,石厦,3/7,172.4,269.4,2606,22.527997,114.04661
馨庭苑,福田区,,梅景,9,172.6,373.0,10256,22.560335,114.032041
皇庭世纪,福田区,,皇岗村,7,172.8,357.0,28987,22.528727,114.052401
香蜜湖·瀚城,福田区,,香蜜,2/8,173.2,347.8,25309,22.558251,114.016575
居雅苑,福田区,,福田口岸,10/4,173.8,618.5,10152,22.51821,114.057378
龙井小区,福田区,,侨香,2/8,174.5,303.8,9977,22.552469,114.006375
嘉隆星苑,福田区,,香梅北,2/8,175.7,269.6,7457,22.558531,114.026154
天健天骄北庐,福田区,,景田,2/8/9,176.9,353.9,23237,22.553916,114.036134
花样年·喜年中心,福田区,,车公庙,1/11/7/9,177.2,443.9,1295,22.537479,114.018599
雅云轩,福田区,,石厦,3/7,177.4,240.0,2654,22.528004,114.049872
必好花园,福田区,,梅景,9,177.6,340.9,2890,22.561965,114.035741
星河华居,福田区,,福民,7,179.7,469.8,5357,22.526415,114.065689
泰康轩,福田区,,车公庙,1/11/7/9,179.7,337.6,3187,22.536596,114.020439
核电花园西区,福田区,,华新,3/7,180.7,347.2,20190,22.553213,114.084779
香榭茗园,福田区,,农林,7,182.5,330.7,8528,22.544573,114.016104
长泰花园,福田区,,华新,3/7,182.9,309.3,7199,22.554536,114.082317
金沙花园,福田区,,上沙,7,183.6,374.5,19518,22.527179,114.034241
金地名轩,福田区,,沙尾,7,184.6,318.9,6663,22.524383,114.03462
裕康时尚名居,福田区,,益田,3,186.7,330.0,5200,22.521478,114.044478
雕塑家园,福田区,,莲花北,4,187.5,292.6,7483,22.566086,114.054859
阳光城市家园,福田区,,福民,7,188.9,470.2,4060,22.525916,114.06564
盛世鹏程,福田区,,体育中心,6,189.0,294.1,29968,22.559454,114.092334
裕亨花园,福田区,,福田口岸,10/4,189.5,375.9,15844,22.519846,114.066578
321-2栋,福田区,,石厦,3/7,189.6,306.2,185,22.52382,114.047109
香榭里花园,福田区,,农林,7,191.4,396.1,56540,22.546449,114.014989
新景苑,福田区,,莲花西,2/8,191.5,277.7,6869,22.551627,114.043059
景莲花园,福田区,,景田,2/8/9,191.5,346.0,4516,22.554837,114.041589
新世界山月居,福田区,,莲花北,4,192.1,254.2,5229,22.563234,114.051872
梅林居,福田区,,上梅林,4/9,192.2,369.0,6442,22.569109,114.053259
万科城市花园,福田区,,香梅北,2/8,193.0,281.8,21205,22.55917,114.027442
华茂苑,福田区,,莲花北,4,193.6,359.5,40098,22.566329,114.052632
景雅居,福田区,,景田,2/8/9,194.6,398.7,2374,22.558576,114.035658
天宝物华,福田区,,农林,7,194.6,315.0,3524,22.545081,114.015577
香逸名园,福田区,,香梅,9,195.1,357.6,9044,22.545332,114.035709
香蜜湖度假村家属楼,福田区,,香蜜湖,1/11,195.6,284.1,15446,22.544176,114.034107
莲丰花园,福田区,,莲花北,4,195.8,359.9,11067,22.563938,114.050861
丽阳天下名苑,福田区,,石厦,3/7,197.7,319.1,8177,22.527992,114.045969
高科利花园,福田区,,岗厦,1/10,198.0,471.8,5594,22.539136,114.067221
通新岭小区南区,福田区,,通新岭,3/6,198.3,483.2,41129,22.548384,114.094163
里奥de花园,福田区,,福民,7,198.9,424.1,2418,22.530381,114.060686
通发花园,罗湖区,,新秀,2/8,0.0,76.0,27666,22.54987,114.144324
滨苑住宅小区,罗湖区,,鹿丹村,9,0.0,281.0,30872,22.539332,114.1013
惠名花园,罗湖区,,梧桐山南,2/8,0.0,301.4,15657,22.558434,114.178344
深圳市供电局水贝大院,罗湖区,,田贝,3/7,0.0,184.7,36222,22.571346,114.126033
兆鑫汇金广场,罗湖区,,东门,1/2/5/8,0.0,81.5,9381,22.544928,114.111565
百合世纪广场,罗湖区,,百鸽笼,5,2.8,238.9,57241,22.59882,114.123606
城建集团住宅区,罗湖区,,布心,5,2.8,94.1,8519,22.584047,114.133742
朗钜御风庭,罗湖区,,文锦,9,4.5,108.3,4641,22.5443,114.126546
怡景花园,罗湖区,,怡景,5,5.3,351.7,266507,22.557671,114.131724
景福花园,罗湖区,,莲塘,2/8,5.7,123.7,12155,22.566389,114.16995
美景大厦,罗湖区,,洪湖,7,5.8,94.2,5673,22.567831,114.117099
笋岗大厦,罗湖区,,笋岗,7,6.3,150.7,3708,22.566932,114.106765
翠珠小区,罗湖区,,田贝,3/7,6.9,168.9,5925,22.568534,114.124512
东门天地大厦,罗湖区,,晒布,3,7.2,64.1,8342,22.552369,114.117125
一致春晓苑,罗湖区,,布心,5,7.2,175.8,12801,22.58492,114.132095
愉天小区,罗湖区,,田贝,3/7,7.6,265.4,21791,22.568649,114.122853
鹏兴花园一期,罗湖区,,仙湖路,2/8,8.2,229.7,84705,22.567906,114.159534
东乐花园,罗湖区,,太安,5/7,8.7,416.2,168441,22.574372,114.135129
翠都花园,罗湖区,,翠竹,3,9.6,136.0,6322,22.560145,114.124674
敦信大厦,罗湖区,,人民南,1/9,10.0,127.8,1007,22.537098,114.112515
鹿苑小区,罗湖区,,鹿丹村,9,13.2,128.8,11112,22.537267,114.103254
兰亭国际名园,罗湖区,,莲塘口岸,2/8,14.1,190.6,17316,22.555844,114.152082
翠华花园,罗湖区,,翠竹,3,14.9,277.5,38930,22.558248,114.127361
高嘉花园,罗湖区,,文锦,9,15.6,142.7,19876,22.545821,114.124778
文锦大厦,罗湖区,,文锦,9,17.2,97.6,2591,22.545669,114.126622
海富花园,罗湖区,,黄贝岭,2/5/8,18.1,94.2,5892,22.548268,114.132095
凯悦华庭,罗湖区,,向西村,9,18.1,69.0,1037,22.542671,114.121261
金银园,罗湖区,,泥岗,9,18.2,154.9,4483,22.571418,114.092835
太白居,罗湖区,,布心,5,19.2,129.3,22172,22.582541,114.133584
文锦花园,罗湖区,,文锦,9,19.8,200.3,23499,22.546152,114.127483
南塘物业小区,罗湖区,,老街,1/3,21.0,273.0,12949,22.547126,114.113508
鹏兴花园二期,罗湖区,,仙湖路,2/8,21.8,266.2,58877,22.565229,114.15931
深圳巴士集团宿舍,罗湖区,,梧桐山南,2/8,22.2,69.2,6802,22.561715,114.178259
阳光天地家园,罗湖区,,田贝,3/7,23.7,230.2,5966,22.570024,114.122751
缙山府,罗湖区,,银湖,6/9,25.2,300.2,37929,22.570046,114.086859
百仕达花园1期,罗湖区,,太安,5/7,25.7,504.9,81981,22.573177,114.129489
海丰苑,罗湖区,,国贸,1,25.7,123.6,1941,22.543216,114.113067
大地苑,罗湖区,,泥岗,9,27.0,114.0,8201,22.570518,114.090987
心怡花园,罗湖区,,布心,5,31.8,193.6,20731,22.585151,114.133778
深发花园,罗湖区,,黄贝岭,2/5/8,36.7,219.1,2464,22.5485,114.133489
文华花园,罗湖区,,黄贝岭,2/5/8,42.0,155.7,46234,22.54751,114.131971
金城大厦,罗湖区,,湖贝,2/5/8,43.7,271.6,5515,22.545721,114.11676
湖臻大厦,罗湖区,,湖贝,2/5/8,44.2,182.8,1638,22.547919,114.120464
中海·鹿丹名苑,罗湖区,,鹿丹村,9,45.5,284.4,40839,22.536617,114.101725
东门广场,罗湖区,,湖贝,2/5/8,47.6,78.3,700,22.547515,114.118775
罗湖大厦,罗湖区,,人民南,1/9,48.9,105.2,1768,22.539007,114.11283
中南大院,罗湖区,,田贝,3/7,50.9,169.1,6099,22.568853,114.126085
景贝南小区,罗湖区,,怡景,5,51.6,377.8,116076,22.555346,114.135595
都市名园,罗湖区,,鹿丹村,9,52.5,442.8,22990,22.542286,114.104214
翠竹苑,罗湖区,,翠竹,3,55.0,353.4,102988,22.561697,114.126448
御庭轩北区,罗湖区,,莲塘,2/8,56.6,287.3,51951,22.568271,114.171223
鸿翔花园,罗湖区,,园岭,9,56.6,306.8,42302,22.556591,114.101249
泥岗工业小区,罗湖区,,泥岗,9,59.0,92.8,3774,22.571063,114.092055
锦星花园,罗湖区,,文锦,9,59.1,231.4,26905,22.544907,114.128157
中国南海工程有限公司大院,罗湖区,,田贝,3/7,61.6,189.9,15742,22.571419,114.123972
幸福里雅居,罗湖区,,鹿丹村,9,61.8,207.3,12506,22.53959,114.105273
华景园南区,罗湖区,,莲塘,2/8,62.2,306.1,18092,22.566201,114.171755
广西外贸住宅小区,罗湖区,,向西村,9,62.8,265.0,6661,22.540163,114.120568
东安花园,罗湖区,,太安,5/7,63.2,359.4,18659,22.57373,114.132341
福德花园,罗湖区,,黄贝岭,2/5/8,64.9,330.1,4006,22.548946,114.128177
环卫小区,罗湖区,,田贝,3/7,66.3,228.0,12698,22.568123,114.125918
嘉年华名苑,罗湖区,,晒布,3,66.6,128.4,2515,22.552474,114.116498
东乐大厦,罗湖区,,湖贝,2/5/8,67.3,346.1,1121,22.546762,114.122454
小鹏兴花园,罗湖区,,仙湖路,2/8,69.3,136.3,9050,22.567248,114.162541
向西花园,罗湖区,,向西村,9,69.4,227.8,17057,22.54452,114.121238
文锦南路小区,罗湖区,,文锦,9,70.9,160.8,2944,22.543749,114.125296
深圳海城公寓,罗湖区,,湖贝,2/5/8,71.3,154.2,1149,22.547435,114.117719
金华阁,罗湖区,,泥岗,9,71.8,121.3,2118,22.569175,114.092376
广岭家园,罗湖区,,莲塘口岸,2/8,73.2,259.8,22365,22.55824,114.149907
今日家园,罗湖区,,布心,5,74.2,204.1,11061,22.583916,114.131038
荣华里,罗湖区,,大剧院,1/2/5/8,74.2,514.4,9793,22.54584,114.107454
金枫花园,罗湖区,,新秀,2/8,75.3,222.5,13693,22.551473,114.145963
莲馨园,罗湖区,,莲塘,2/8,75.7,85.0,4705,22.566111,114.168825
美荔园,罗湖区,,红岭,3/9,77.0,250.0,2081,22.549207,114.100004
中兴路大院,罗湖区,,晒布,3,77.3,248.4,15378,22.552489,114.120068
四季御园,罗湖区,,莲塘口岸,2/8,77.5,378.0,24165,22.557085,114.153683
文锦渡海关生活区,罗湖区,,向西村,9,81.0,157.1,8118,22.542142,114.122065
翠景大厦,罗湖区,,田贝,3/7,81.5,317.0,4839,22.569584,114.121938
向西综合楼,罗湖区,,湖贝,2/5/8,81.6,172.6,4143,22.545776,114.120282
蕙兰雅居,罗湖区,,梧桐山南,2/8,84.7,236.0,8516,22.563075,114.177069
东晓花园,罗湖区,,太安,5/7,86.1,141.1,8613,22.578201,114.131862
金安大厦,罗湖区,,文锦,9,87.5,205.8,1438,22.546823,114.126606
鹏兴花园三期,罗湖区,,仙湖路,2/8,88.1,233.8,23786,22.56486,114.162455
莲泉阁,罗湖区,,梧桐山南,2/8,88.5,237.0,6332,22.560699,114.175755
泰和花园,罗湖区,,布心,5,94.9,272.8,19885,22.585894,114.132124
海宝阁,罗湖区,,泥岗,9,97.3,168.2,5283,22.568712,114.092144
田苑小区,罗湖区,,洪湖,7,98.6,306.2,21009,22.567073,114.119759
新秀村北区,罗湖区,,新秀,2/8,100.2,301.9,26143,22.551185,114.14122
西岭花园,罗湖区,,莲塘口岸,2/8,100.6,169.1,9992,22.554414,114.150509
田贝花园,罗湖区,,洪湖,7,100.9,267.3,15368,22.566291,114.11682
文星花园,罗湖区,,向西村,9,101.4,293.8,26190,22.54377,114.12314
逸湖居,罗湖区,,洪湖,7,101.6,222.9,4256,22.57037,114.118451
东方凤雅台,罗湖区,,梧桐山南,2/8,103.8,299.9,19962,22.562909,114.175811
芳春花园,罗湖区,,新秀,2/8,105.6,199.8,11184,22.551892,114.142815
嘉湖新都,罗湖区,,洪湖,7,106.9,199.4,918,22.568971,114.119229
海鹏大院,罗湖区,,田贝,3/7,109.1,183.8,3362,22.569426,114.12667
典雅居,罗湖区,,洪湖,7,109.1,219.7,1602,22.569755,114.119097
百仕达花园二期,罗湖区,,太安,5/7,110.4,410.4,53086,22.575888,114.128389
国际名园,罗湖区,,向西村,9,112.8,271.0,3460,22.541394,114.118282
京基凤凰印象,罗湖区,,黄贝岭,2/5/8,113.4,348.3,6288,22.549862,114.128194
天越翔园,罗湖区,,莲塘,2/8,114.4,260.1,3131,22.566553,114.166362
银晖名居,罗湖区,,泥岗,9,114.9,153.4,2171,22.571017,114.090826
新秀村南区,罗湖区,,新秀,2/8,115.0,491.8,78407,22.548602,114.139747
名仕阁,罗湖区,,大剧院,1/2/5/8,115.5,172.8,1577,22.545558,114.103019
莲塘花园,罗湖区,,莲塘,2/8,118.7,232.1,11808,22.565161,114.167574
银龙花园,罗湖区,,泥岗,9,119.5,322.1,64782,22.572942,114.093159
和平广场,罗湖区,,老街,1/3,120.7,189.9,7354,22.546799,114.109092
阳光新干线家园,罗湖区,,向西村,9,122.2,284.7,11437,22.540284,114.1219
金丽豪苑,罗湖区,,田贝,3/7,125.2,350.8,11505,22.567903,114.122426
燃气小区,罗湖区,,田贝,3/7,127.3,258.7,2545,22.5679,114.123873
粤海花园,罗湖区,,湖贝,2/5/8,127.5,369.4,3279,22.54557,114.115784
供电南苑,罗湖区,,大剧院,1/2/5/8,127.7,483.7,6162,22.544247,114.107555
太阳新城,罗湖区,,水贝,3,128.0,194.0,11056,22.578563,114.119105
建设集团大厦,罗湖区,,园岭,9,128.3,207.5,1513,22.556986,114.099898
逸心苑,罗湖区,,布心,5,128.5,225.5,1301,22.581553,114.133293
益田御龙天地,罗湖区,,翠竹,3,131.3,352.9,73084,22.556097,114.126343
京基水贝洪湖苑,罗湖区,,洪湖,7,131.6,255.3,3493,22.570324,114.11903
信义·金御半山三期,罗湖区,,百鸽笼,5,132.6,337.8,49470,22.595416,114.127844
米兰阁C栋,罗湖区,,笋岗,7,132.6,265.4,303,22.568089,114.106811
百仕达花园4期,罗湖区,,太安,5/7,133.1,492.6,35563,22.57253,114.132366
东方皇宫,罗湖区,,湖贝,2/5/8,133.3,359.7,2219,22.545073,114.116179
大澎花园,罗湖区,,新秀,2/8,133.8,299.9,17861,22.548179,114.142588
招商中环·禧寓,罗湖区,,红岭北,7/9,133.9,322.8,21639,22.567391,114.100614
电视广播大院,罗湖区,,怡景,5,135.3,254.4,8711,22.560994,114.135037
华裕花园,罗湖区,,黄贝岭,2/5/8,139.1,408.7,3969,22.54884,114.127409
米兰阁D栋,罗湖区,,笋岗,7,140.0,256.3,303,22.568082,114.106566
鸿业苑,罗湖区,,翠竹,3,141.7,322.8,15672,22.559761,114.127767
龙泉花园,罗湖区,,新秀,2/8,141.9,226.4,9561,22.55231,114.145105
碧清园,罗湖区,,泥岗,9,142.8,214.2,6255,22.570589,114.090004
芙蓉小区,罗湖区,,向西村,9,143.4,307.0,4545,22.541939,114.117691
丹枫白露苑,罗湖区,,黄贝岭,2/5/8,145.5,318.7,4953,22.547832,114.1343
锦星别墅,罗湖区,,文锦,9,146.3,267.3,10535,22.544128,114.128302
星湖花园,罗湖区,,泥岗,9,147.8,323.7,20891,22.570672,114.095161
海关大院,罗湖区,,人民南,1/9,148.6,309.2,9355,22.537114,114.110315
汇鑫花园,罗湖区,,黄贝岭,2/5/8,148.7,335.7,21552,22.545838,114.130732
华清园安业花园,罗湖区,,莲塘口岸,2/8,148.9,319.0,38616,22.556629,114.147224
海珑华苑,罗湖区,,黄贝岭,2/5/8,152.3,417.6,7133,22.549482,114.127388
华秀花园,罗湖区,,布心,5,153.9,285.2,6390,22.584911,114.135352
华乐花园,罗湖区,,怡景,5,157.7,275.2,8634,22.560964,114.136057
玉雅居,罗湖区,,梧桐山南,2/8,157.9,368.0,9902,22.559003,114.180754
万科·红,罗湖区,,百鸽笼,5,159.3,488.5,77411,22.601178,114.122933
曦龙山庄,罗湖区,,莲塘口岸,2/8,161.4,350.0,38938,22.552767,114.150433
罗湖公安分局宿舍,罗湖区,,湖贝,2/5/8,161.8,403.8,11105,22.548985,114.122289
湖滨阁,罗湖区,,怡景,5,165.4,298.9,4742,22.560939,114.133337
青橙时代公寓,罗湖区,,布心,5,167.7,277.8,3111,22.586055,114.1333
森威大厦,罗湖区,,文锦,9,168.3,273.0,4188,22.542948,114.124592
卫检大院,罗湖区,,人民南,1/9,169.2,291.5,1126,22.538673,114.110361
庐山花园秀峰阁,罗湖区,,向西村,9,170.1,347.2,648,22.539558,114.119616
云峰花园,罗湖区,,向西村,9,170.8,333.5,5496,22.540991,114.11783
利联星桂园小区,罗湖区,,老街,1/3,172.6,257.5,4942,22.548601,114.108789
桂木园,罗湖区,,老街,1/3,173.4,318.7,23285,22.549232,114.108571
富达花园,罗湖区,,莲塘,2/8,174.1,241.5,17113,22.569052,114.16876
信义·金御半山二期,罗湖区,,百鸽笼,5,176.1,259.6,14818,22.595056,114.124973
侨社,罗湖区,,罗湖,1,177.4,331.7,25214,22.531284,114.110808
万科彩园,罗湖区,,晒布,3,178.4,255.6,2587,22.55361,114.115792
深业东岭,罗湖区,,黄贝岭,2/5/8,178.8,496.0,43445,22.551826,114.13494
经贸楼,罗湖区,,国贸,1,179.0,276.5,788,22.5423,114.116593
银田花园,罗湖区,,银湖,6/9,180.9,229.9,9979,22.573044,114.085637
罗湖工区,罗湖区,,田贝,3/7,181.7,359.1,7234,22.571046,114.121688
庐山花园,罗湖区,,向西村,9,183.5,421.7,18072,22.539159,114.11875
广场北街小区,罗湖区,,大剧院,1/2/5/8,183.9,468.1,20031,22.547839,114.104768
海关宿舍二院,罗湖区,,人民南,1/9,185.6,311.5,2848,22.539147,114.110317
大地花园,罗湖区,,水贝,3,185.7,224.8,4682,22.578839,114.120287
鸿园居,罗湖区,,太安,5/7,185.8,298.9,13181,22.576667,114.129317
畔山花园,罗湖区,,莲塘,2/8,186.0,423.8,32741,22.564175,114.171783
宝岗花园,罗湖区,,笋岗,7,187.0,343.5,4946,22.568751,114.107072
银座金钻,罗湖区,,湖贝,2/5/8,187.6,387.1,498,22.544204,114.116663
比华利山庄,罗湖区,,草埔,3,187.9,444.7,55698,22.590232,114.113966
靖轩豪苑,罗湖区,,黄贝岭,2/5/8,188.3,357.3,7299,22.550586,114.134278
蓝堡公寓,罗湖区,,太安,5/7,189.4,194.5,4289,22.578329,114.131012
观山嘉苑,罗湖区,,布心,5,191.5,358.9,28185,22.586595,114.13422
缤纷时代家园,罗湖区,,晒布,3,191.5,346.9,6186,22.554026,114.120358
红围公寓,罗湖区,,大剧院,1/2/5/8,192.2,506.3,898,22.547042,114.106536
金威苑,罗湖区,,布心,5,193.9,300.2,3093,22.584446,114.135748
聚宝华府,罗湖区,,仙湖路,2/8,194.3,258.0,11846,22.566093,114.163774
金碧苑,罗湖区,,银湖,6/9,195.8,372.8,36799,22.574729,114.084117
振华苑,罗湖区,,梧桐山南,2/8,197.2,376.2,7222,22.560543,114.174409
马古岭小区,罗湖区,,田贝,3/7,197.3,406.5,30666,22.566423,114.124084
富通天骏,龙华区,,龙华,4,0.0,109.9,31889,22.653442,114.017853
特发-和平里1期,龙华区,,龙胜,4/6,0.0,165.7,40742,22.646001,114.007639
万科四季花城北区,龙华区,,五和,10/5,4.3,402.0,242846,22.627192,114.052364
龙光·玖龙玺,龙华区,,白石龙,4,5.7,172.7,46675,22.602907,114.036401
阳基御龙湾,龙华区,,竹村,4,6.5,214.5,44285,22.687762,114.035926
中海锦城,龙华区,,上塘,4,6.9,138.1,51830,22.640104,114.00914
龙光·玖誉府,龙华区,,茜坑,4,7.2,114.8,15269,22.701212,114.035211
合正观澜汇,龙华区,,茜坑,4,10.3,236.4,37146,22.702723,114.035464
港铁·天颂,龙华区,,龙胜,4/6,10.7,211.4,63579,22.64755,114.00503
丰泽湖山庄,龙华区,,梅林关,6,11.4,164.1,92786,22.597475,114.049635
家和花园南区,龙华区,,南坑,10,11.6,98.2,16982,22.61424,114.056395
阳台山庄,龙华区,,阳台山东,6,23.3,205.8,20709,22.668956,113.986042
金茂府,龙华区,,上塘,4,25.6,226.7,38907,22.641836,114.007915
青年城邦园,龙华区,,龙华,4,27.8,98.6,14272,22.654908,114.016637
中海汇德理,龙华区,,上塘,4,50.9,194.0,24403,22.638869,114.006238
阳光第五季,龙华区,,光雅园,10,54.8,250.7,16491,22.621086,114.054485
深业泰然观澜玫瑰苑,龙华区,,观澜,4,55.7,234.3,23872,22.718814,114.051967
中航阳光新苑,龙华区,,白石龙,4,66.4,257.1,33259,22.60395,114.034892
龙光·玖钻（中区）,龙华区,,红山,4/6,67.6,101.4,19358,22.62398,114.017567
惠鑫公寓,龙华区,,白石龙,4,71.1,303.3,11129,22.603489,114.040237
上麟府,龙华区,,上塘,4,71.8,248.6,28298,22.64027,114.005476
万科·金域华府,龙华区,,白石龙,4,74.7,312.6,71314,22.601385,114.037836
佳华领域广场（一期）,龙华区,,观澜,4,75.0,216.6,23227,22.71688,114.051601
汇龙苑,龙华区,,白石龙,4,75.3,247.7,20721,22.606355,114.036872
富联新村一区,龙华区,,清湖,4,78.7,223.6,21905,22.668604,114.030598
龙光·玖钻（南区）,龙华区,,红山,4/6,78.7,219.1,25222,22.622585,114.018501
金庸阁一期,龙华区,,龙华,4,79.0,223.4,7481,22.65275,114.015995
佳兆业·城市广场,龙华区,,雪象,10,82.8,387.3,147996,22.662429,114.071243
星河丹堤,龙华区,,梅林关,6,83.7,549.7,252651,22.596223,114.053303
祥和山庄,龙华区,,茜坑,4,84.7,333.7,9659,22.697787,114.037001
大信花园,龙华区,,龙华,4,93.5,296.7,34763,22.651825,114.016316
龙光·玖钻（北区）,龙华区,,红山,4/6,97.1,265.6,30336,22.625833,114.01615
民乐一区,龙华区,,梅林关,6,107.6,351.0,57360,22.600376,114.048031
幸福城· 三期,龙华区,,清湖,4,113.1,297.5,16670,22.664092,114.031876
特发-和平里2期,龙华区,,龙胜,4/6,114.3,321.3,33155,22.644664,114.006061
翠岭华庭,龙华区,,民乐,4,115.9,227.4,26043,22.596009,114.041608
宝山新村一区,龙华区,,阳台山东,6,126.9,222.1,19957,22.669716,113.984743
家和花园北区,龙华区,,南坑,10,132.3,241.2,8135,22.615984,114.056409
芷峪澜湾花园,龙华区,,茜坑,4,134.6,467.8,31098,22.696494,114.036551
华盛峰荟名庭,龙华区,,长湖,4,143.8,296.3,22264,22.714158,114.036786
盛璟润府,龙华区,,清湖,4,146.7,237.4,19439,22.666395,114.033717
鑫海公寓,龙华区,,白石龙,4,148.1,214.0,9588,22.605716,114.038629
溪山美地园,龙华区,,雅宝,10,151.4,443.8,119172,22.603165,114.0524
金碧世家,龙华区,,龙华,4,154.9,305.6,17965,22.654573,114.020315
楠木花园,龙华区,,茜坑,4,157.0,451.3,86719,22.70291,114.039864
景勋天著,龙华区,,观澜,4,162.8,257.6,4482,22.715962,114.05109
中环花园,龙华区,,龙华,4,164.9,234.3,17914,22.652535,114.018575
深铁珑境花园,龙华区,,龙胜,4/6,165.3,445.7,107155,22.647365,114.002745
星光之约,龙华区,,南坑,10,167.3,355.9,36287,22.610894,114.056401
宏发悦见和府,龙华区,,清湖,4,167.8,325.9,10778,22.667361,114.034539
美丽AAA花园,龙华区,,龙华,4,167.9,292.9,20461,22.656356,114.015543
竹村东区,龙华区,,竹村,4,170.1,445.7,28410,22.685551,114.035026
宝山新村二区,龙华区,,阳台山东,6,189.3,363.9,27431,22.670816,113.983062
合正观澜汇·云境,龙华区,,茜坑,4,191.6,387.5,34173,22.699037,114.032864
和平小区,龙华区,,清湖,4,193.0,399.6,22803,22.66321,114.030685
祥澜苑,龙华区,,茜坑,4,198.8,398.4,17460,22.697723,114.038354
美丽365花园,龙华区,,清湖,4,199.4,504.0,114119,22.666073,114.026591
万科城,龙岗区*,,贝尔路,10,0.0,546.4,498710,22.647907,114.06486
中海大山地南区,龙岗区*,,六约北,14,0.0,321.3,78446,22.646708,114.17349
振业城二期,龙岗区*,,六约北,14,0.0,398.2,147108,22.643573,114.174111
宇宏健康花城,龙岗区*,,石芽岭,14,0.0,374.5,89046,22.628006,114.131435
德兴城,龙岗区*,,长龙,5,0.0,93.7,23150,22.611688,114.108846
中海新都荟,龙岗区*,,龙东,16,0.0,173.5,47958,22.724901,114.293142
坪西市场小区,龙岗区*,,坪西,3,0.0,214.4,35982,22.763996,114.277199
平吉上苑,龙岗区*,,木古,10,0.0,195.8,31152,22.671045,114.116484
奥林华府,龙岗区*,,龙城公园,16,1.1,194.0,55080,22.706734,114.215369
万科金地·天空之城,龙岗区*,,松佛,1,2.5,149.3,36638,22.934863,113.896082
金地格林上院,龙岗区*,,金桔,1,3.0,195.7,90690,22.912727,113.84552
鼎尚华庭,龙岗区*,,白石塘,3,3.3,208.1,37139,22.776291,114.296795
中海·日辉台,龙岗区*,,贝尔路,10,3.9,199.3,44822,22.643349,114.062901
颐安·都会中央2期,龙岗区*,,大运,14/16/3,4.4,368.7,48303,22.691677,114.221788
中房怡芬花园,龙岗区*,,大芬,3,8.0,120.7,12699,22.615936,114.133883
贤合小区,龙岗区*,,四联,14,9.7,318.6,59745,22.650855,114.191086
绿景大公馆,龙岗区*,,大运中心,16,10.1,138.2,37305,22.6996,114.2158
富豪花园,龙岗区*,,坂田,5,11.5,135.3,29875,22.628794,114.064865
旺塘小区,龙岗区*,,杨美,5,14.1,329.4,124775,22.631786,114.076782
天集雅苑,龙岗区*,,尚景,16,17.1,158.4,13259,22.733456,114.23956
杨美金竹小区,龙岗区*,,杨美,5,17.2,299.5,43113,22.631652,114.073783
天健现代城,龙岗区*,,黄阁坑,16,20.3,303.9,57042,22.723098,114.216076
龙光君悦龙庭二三期,龙岗区*,,愉园,16,21.8,255.7,49713,22.72891,114.217749
爱地花园一期,龙岗区*,,愉园,16,22.4,140.1,11933,22.730387,114.219611
壹锦园,龙岗区*,,愉园,16,23.9,144.6,14337,22.732244,114.217801
扬马小区,龙岗区*,,坂田,5,27.9,349.0,143142,22.632498,114.067155
天健·郡城(西区),龙岗区*,,尚景,16,37.0,288.1,39083,22.731274,114.241513
信义·锦绣花园,龙岗区*,,四联,14,37.6,335.9,73628,22.648973,114.185947
招商·依山郡,龙岗区*,,愉园,16,40.9,361.2,124757,22.732608,114.215374
光大锦园别墅,龙岗区*,,广东医大,1,41.7,278.6,71408,22.921841,113.863166
长江花园,龙岗区*,,回龙埔,16,44.0,111.9,12138,22.732951,114.231405
星都豪庭,龙岗区*,,大芬,3,53.5,211.4,15924,22.615018,114.133102
新梅子园,龙岗区*,,上水径,5,55.5,214.0,37893,22.622986,114.100927
恒大都会广场,龙岗区*,,杨美,5,63.1,222.8,28407,22.628231,114.073247
佳和园,龙岗区*,,甘坑,10,66.5,224.1,17406,22.650437,114.103129
新城花园,龙岗区*,,新生,3,68.5,276.2,22714,22.749993,114.275663
中城康桥花园紫郡,龙岗区*,,石芽岭,14,69.9,417.6,35173,22.630379,114.136783
1-1栋,龙岗区*,,坂田,5,70.8,179.9,1923,22.631578,114.064717
万科麓城,龙岗区*,,上水径,5,79.6,336.5,194933,22.626183,114.097212
喜福汇,龙岗区*,,愉园,16,80.5,244.0,9525,22.730503,114.220775
龙湖冠寓(平湖生态谷店),龙岗区*,,华南城,10,82.4,290.9,24019,22.679722,114.114678
阳光·天健城,龙岗区*,,龙城公园,16,85.3,375.9,86413,22.704278,114.215326
怡康家园,龙岗区*,,大芬,3,85.4,134.3,11555,22.616986,114.132054
万科·麓城一期,龙岗区*,,上水径,5,85.5,188.1,40986,22.625973,114.098825
汇福花园,龙岗区*,,大芬,3,87.6,115.1,12923,22.617635,114.132558
中翠花园,龙岗区*,,大芬,3,89.7,220.6,21411,22.615435,114.134799
尚景欣园,龙岗区*,,盛平,16,89.7,278.2,20337,22.732184,114.246406
梅塘花园,龙岗区*,,梅塘,1,95.5,351.7,19078,22.847815,113.97832
利联·星龙园,龙岗区*,,大运中心,16,97.7,218.2,15529,22.700142,114.216555
布吉中心花园,龙岗区*,,木棉湾,3,98.0,216.6,11927,22.611676,114.125435
上水径村-西区,龙岗区*,,上水径,5,99.7,436.4,43223,22.622232,114.103355
东方沁园,龙岗区*,,愉园,16,100.4,290.4,60679,22.728836,114.219895
倚龙华庭,龙岗区*,,大芬,3,100.6,175.8,5544,22.61612,114.131875
居欢颜美杜兰华庭,龙岗区*,,长龙,5,100.6,260.0,9091,22.610482,114.110759
天健花园,龙岗区*,,尚景,16,105.7,331.5,28378,22.730171,114.241278
尚景华园,龙岗区*,,尚景,16,106.0,299.6,51093,22.729735,114.237628
花样年江山,龙岗区*,,黄江,1,106.3,272.6,94491,22.898775,113.991773
桂芳园-4期,龙岗区*,,大芬,3,106.4,253.3,25179,22.617968,114.135541
桂芳园,龙岗区*,,大芬,3,106.4,324.0,199987,22.615407,114.136061
华业玫瑰郡,龙岗区*,,回龙埔,16,107.3,342.5,36833,22.734875,114.232265
康达尔花园,龙岗区*,,大芬,3,109.8,305.4,94587,22.619492,114.132327
坪达雅园,龙岗区*,,白石塘,3,111.9,181.7,7382,22.7764,114.298505
德润荣君府,龙岗区*,,坂田,5,111.9,293.1,30980,22.628706,114.062609
乐清小区,龙岗区*,,四联,14,112.0,379.6,22300,22.647998,114.187092
东都雅苑,龙岗区*,,平湖,10,118.8,270.3,18897,22.698506,114.11943
保利青谷,龙岗区*,,溪涌,2/8,119.1,302.9,21430,22.61412,114.357869
中海大山地北区,龙岗区*,,六约北,14,119.7,419.2,74963,22.648828,114.1723
华南西苑,龙岗区*,,华南城,10,122.0,332.4,26401,22.680636,114.114884
万科金域蓝湾,龙岗区*,,大朗,1,126.5,496.1,82065,22.93497,113.920137
龙岗区委党校,龙岗区*,,黄阁坑,16,136.3,357.5,22787,22.721176,114.216685
和通花园,龙岗区*,,大芬,3,140.9,255.3,20528,22.616738,114.135834
长龙新村-4区,龙岗区*,,长龙,5,142.0,225.3,25370,22.613041,114.108431
丽廷豪苑,龙岗区*,,长龙,5,149.9,257.6,3867,22.608709,114.107984
景华春天家园,龙岗区*,,下水径,5,153.3,324.8,15847,22.614588,114.105849
丽梅阁,龙岗区*,,长龙,5,154.9,345.3,17733,22.611269,114.111643
水蓝湾,龙岗区*,,愉园,16,156.9,288.6,10470,22.729527,114.216265
万科 金域缇香,龙岗区*,,金桔,1,157.3,262.2,38599,22.911754,113.846797
瑞华园,龙岗区*,,回龙埔,16,164.1,386.3,25949,22.730946,114.227498
和成金竹家园,龙岗区*,,杨美,5,165.2,353.3,16484,22.632429,114.07532
中央悦城,龙岗区*,,尚景,16,165.7,372.0,69325,22.735139,114.237196
盈翠家园,龙岗区*,,大芬,3,166.4,328.3,23502,22.614111,114.134399
龙威花园,龙岗区*,,布吉,14/3/5,170.6,194.1,20573,22.603809,114.118278
灏景明苑,龙岗区*,,木棉湾,3,171.1,284.5,6084,22.612185,114.126068
福地花园,龙岗区*,,白石塘,3,173.7,269.6,11965,22.77582,114.299158
东方御花园,龙岗区*,,回龙埔,16,174.8,319.7,30309,22.729141,114.230594
欧景花园,龙岗区*,,回龙埔,16,175.0,417.9,62931,22.72879,114.228933
龙珠花园,龙岗区*,,布吉,14/3/5,175.3,461.2,57204,22.605331,114.120883
光大锦绣山河-鹭栖湖,龙岗区*,,广东医大,1,178.7,391.6,75878,22.924747,113.866028
佳兆业·水岸新都二期,龙岗区*,,新生,3,181.4,344.5,27204,22.752086,114.275114
万科金域学府,龙岗区*,,回龙埔,16,183.2,338.3,49012,22.73448,114.229186
长龙新村-3区,龙岗区*,,长龙,5,189.6,299.0,22911,22.613415,114.10962
华福苑,龙岗区*,,下水径,5,190.5,284.8,5883,22.61982,114.106782
创城云璞花园,龙岗区*,,富坪,3,193.3,402.1,62179,22.779221,114.306244
安居回龙雅苑,龙岗区*,,愉园,16,195.2,342.6,13613,22.734146,114.219107
1-4栋,龙岗区*,,坂田,5,196.2,264.4,954,22.631742,114.063349
紫悦龙庭,龙岗区*,,回龙埔,16,196.3,359.6,25650,22.733509,114.234172
